Registro,Fecha de Origen,Fecha Cierre Sesión de Datos ,Número Origen,Número Destino,Número de Desvío o IMEI,Origen de la Llamada,Localidad/Descripcion,Llamada E/S,Roaming,F&F,Bytes,Duración,Duración Redondeado,L.D.,Costo,Saldo Anterior,Saldo Posterior,Orden de Pockets de acuerdo a Consumo,Subcuenta Anterior ID A,Indicador Acumulador Modificado,Valor Acumulador después del evento (Kb),Indicador Cuenta Dedicada B Debitada,Monto Cuenta Dedicada B Debitada Antes De Llamada,Monto Cuenta Dedicada B Debitada Después De Llamada,Indicador Cuenta Dedicada C Debitada,Monto Cuenta Dedicada C Debitada Antes De Llamada,Monto Cuenta Dedicada C Debitada Después De Llamada,Indicador Cuenta Dedicada D Debitada,Monto Cuenta Dedicada D Debitada Antes De Llamada,Monto Cuenta Dedicada D Debitada Después De Llamada,Indicador Cuenta Dedicada E Debitada,Monto Cuenta Dedicada E Debitada Antes De Llamada,Monto Cuenta Dedicada E Debitada Después De Llamada,Subcuenta Anterior,Subcuenta Posterior,Descripci&oacute;n del Servicio,Identificador del primer paquete utilizado,Consumo en Bytes del primer paquete utilizado,Identificador del segundo paquete utilizado,Consumo en Bytes del segundo paquete utilizado,Identificador del tercer paquete utilizado,Consumo en Bytes del tercer paquete utilizado,Identificador del cuarto paquete utilizado,Consumo en Bytes del cuarto paquete utilizado,Identificador del quinto paquete utilizado,Consumo en Bytes del quinto paquete utilizado,Identificador del sexto paquete utilizado,Consumo en Bytes del sexto paquete utilizado,Identificador del s&eacute;ptimo paquete utilizado,Consumo en Bytes del s&eacute;ptimo paquete utilizado,Promotion_indicator,Free_second,Service_description_2,Cell Site ID,Cell Description,
1,04/09/2016 15:26,,984XXX3108,001860XXX7037,,Norteamérica; con excepción de las llamadas de frontera,PLAYA DEL CARMEN  -  QROO,SALIENTE,NO,NO,,53min. 37seg.,53min. 37seg.,$0.00,$45.68,$45.69,$45.67,,0,,,0,,0,0,,0,0,,0,0,,0,,$0.00,,,,,,,,,,,,,,,,,,Saliente Internacional,,334-20-11613-14689,NOFOUND
2,05/09/2016 15:26,,984XXX3108,001860XXX7037,,Norteamérica; con excepción de las llamadas de frontera,PLAYA DEL CARMEN  -  QROO,SALIENTE,NO,NO,,25min. 33seg.,25min. 33seg.,$0.00,$21.77,$67.46,$21.76,,0,,,0,,0,0,,0,0,,0,0,,0,,$0.00,,,,,,,,,,,,,,,,,,Saliente Internacional,,334-20-11613-54689,NOFOUND
3,06/09/2016 15:26,,984XXX3108,001860XXX7037,,Norteamérica; con excepción de las llamadas de frontera,PLAYA DEL CARMEN  -  QROO,SALIENTE,NO,NO,,11min. 49seg.,11min. 49seg.,$0.00,$10.07,$77.52,$10.07,,0,,,0,,0,0,,0,0,,0,0,,0,,$0.00,,,,,,,,,,,,,,,,,,Saliente Internacional,,334-20-11613-34689,NOFOUND
4,07/09/2016 15:26,,984XXX3108,984XXX9001,,Local,PLAYA DEL CARMEN  -  QROO,SALIENTE,NO,NO,,0min. 15seg.,0min. 15seg.,$0.00,$0.21,$77.74,$0.21,,0,,,0,,0,0,,0,0,,0,0,,0,,$0.00,,,,,,,,,,,,,,,,,,Saliente Local,,334-20-11613-34689,NOFOUND
5,08/09/2016 15:26,,984XXX3108,984XXX9001,,Local,PLAYA DEL CARMEN  -  QROO,RCHC,NO,NO,,0min. ,0min. ,$0.00,$0.00,$77.74,$0.00,,0,0,0,0,,,0,,,0,,,0,,,,,LLAMADA_POR_COBRAR,,,,,,,,,,,,,,,,,Llamada por Cobrar,,0,0
6,09/09/2016 15:26,,984XXX3108,984XXX9001,,Local,PLAYA DEL CARMEN  -  QROO,SALIENTE,NO,NO,,1min. 53seg.,1min. 53seg.,$0.00,$1.60,$79.34,$1.60,,0,,,0,,0,0,,0,0,,0,0,,0,,$0.00,,,,,,,,,,,,,,,,,,Saliente Local,,334-20-11613-34689,NOFOUND
7,10/09/2016 15:26,,984XXX3108,984XXX9001,0,Local,PLAYA DEL CARMEN  -  QROO,MENS.SALIENTE,NO,NO,0,0min. ,0min. ,$0.00,$0.85,$80.19,$0.85,,0,0,0,0,,0,0,,0,0,,0,0,,0,,$0.00,,,,,,,,,,,,,,,,,,SMS Enviado,,0,0
8,11/09/2016 15:26,,984XXX3108,984XXX9001,0,Local,PLAYA DEL CARMEN  -  QROO,MENS.SALIENTE,NO,NO,0,0min. ,0min. ,$0.00,$0.85,$81.04,$0.85,,0,0,0,0,,0,0,,0,0,,0,0,,0,,$0.00,,,,,,,,,,,,,,,,,,SMS Enviado,,0,0
9,12/09/2016 15:26,03/09/2016 07:26,33402010XXX9754,internet.itelcel.coXXXGLTE,354623062XXX5778,Local,PLAYA DEL CARMEN  -  QROO,GPRS,NO,NO,649,0min. ,0min. ,$0.00,$0.00,$81.04,$0.00,,0,0,0,0,,,0,,,0,,,0,,,,,INTERNET;GPRS-1,,,,,,,,,,,,,,,,,INTERNET,,,
10,13/09/2016 15:26,,984XXX3108,001860XXX7037,,Norteamérica; con excepción de las llamadas de frontera,PLAYA DEL CARMEN  -  QROO,SALIENTE,NO,NO,,0min. 37seg.,0min. 37seg.,$0.00,$0.53,$81.57,$0.53,,0,,,0,,0,0,,0,0,,0,0,,0,,$0.00,,,,,,,,,,,,,,,,,,Saliente Internacional,,334-20-11613-44692,NOFOUND
11,14/09/2016 15:26,,984XXX3108,984XXX6667,,Local,PLAYA DEL CARMEN  -  QROO,SALIENTE,NO,NO,,1min. 18seg.,1min. 18seg.,$0.00,$1.11,$82.68,$1.11,,0,,,0,,0,0,,0,0,,0,0,,0,,$0.00,,,,,,,,,,,,,,,,,,Saliente Local,,334-20-11613-54689,NOFOUND
12,15/09/2016 15:26,,984XXX3108,984XXX6667,,Local,PLAYA DEL CARMEN  -  QROO,SALIENTE,NO,NO,,0min. 46seg.,0min. 46seg.,$0.00,$0.65,$83.33,$0.65,,0,,,0,,0,0,,0,0,,0,0,,0,,$0.00,,,,,,,,,,,,,,,,,,Saliente Local,,334-20-11613-54689,NOFOUND
13,16/09/2016 15:26,,984XXX3108,984XXX9001,,Local,PLAYA DEL CARMEN  -  QROO,SALIENTE,NO,NO,,0min. 5seg.,0min. 5seg.,$0.00,$0.07,$83.40,$0.07,,0,,,0,,0,0,,0,0,,0,0,,0,,$0.00,,,,,,,,,,,,,,,,,,Saliente Local,,334-20-11613-54689,NOFOUND
14,17/09/2016 15:26,,984XXX3108,984XXX9001,,Local,PLAYA DEL CARMEN  -  QROO,SALIENTE,NO,NO,,0min. 9seg.,0min. 9seg.,$0.00,$0.13,$83.53,$0.13,,0,,,0,,0,0,,0,0,,0,0,,0,,$0.00,,,,,,,,,,,,,,,,,,Saliente Local,,334-20-11613-54689,NOFOUND
15,18/09/2016 15:26,,984XXX3108,984XXX6667,,Local,PLAYA DEL CARMEN  -  QROO,SALIENTE,NO,NO,,2min. 24seg.,2min. 24seg.,$0.00,$2.04,$85.57,$2.04,,0,,,0,,0,0,,0,0,,0,0,,0,,$0.00,,,,,,,,,,,,,,,,,,Saliente Local,,334-20-11613-54689,NOFOUND
16,19/09/2016 15:26,,984XXX3108,984XXX4189,,Local,PLAYA DEL CARMEN  -  QROO,SALIENTE,NO,NO,,6min. 8seg.,6min. 8seg.,$0.00,$5.23,$90.80,$5.23,,0,,,0,,0,0,,0,0,,0,0,,0,,$0.00,,,,,,,,,,,,,,,,,,Saliente Local,,334-20-11613-5074,NOFOUND
17,20/09/2016 15:26,,984XXX3108,001865XXX9616,,Norteamérica; con excepción de las llamadas de frontera,PLAYA DEL CARMEN  -  QROO,SALIENTE,NO,NO,,5min. 6seg.,5min. 6seg.,$0.00,$4.35,$95.14,$4.35,,0,,,0,,0,0,,0,0,,0,0,,0,,$0.00,,,,,,,,,,,,,,,,,,Saliente Internacional,,334-20-11613-40528,NOFOUND
18,21/09/2016 15:26,,984XXX3108,001865XXX9616,,Norteamérica; con excepción de las llamadas de frontera,PLAYA DEL CARMEN  -  QROO,SALIENTE,NO,NO,,0min. 5seg.,0min. 5seg.,$0.00,$0.07,$95.21,$0.07,,0,,,0,,0,0,,0,0,,0,0,,0,,$0.00,,,,,,,,,,,,,,,,,,Saliente Internacional,,334-20-11613-42491,NOFOUND
19,22/09/2016 15:26,,999XXX3991,984XXX3108,,Local,PLAYA DEL CARMEN  -  QROO,ENTRANTE,NO,NO,,9min. 21seg.,10min. ,$0.00,$0.00,$95.21,$0.00,,0,,,0,,0,0,,0,0,,0,0,,0,,$0.00,,,,,,,,,,,,,,,,,,Entrante Local,,334-20-11613-54689,NOFOUND
20,23/09/2016 15:26,,984XXX3108,984XXX4189,,Local,PLAYA DEL CARMEN  -  QROO,SALIENTE,NO,NO,,4min. 1seg.,4min. 1seg.,$0.00,$3.42,$98.64,$3.42,,0,,,0,,0,0,,0,0,,0,0,,0,,$0.00,,,,,,,,,,,,,,,,,,Saliente Local,,334-20-11613-34689,NOFOUND
21,24/09/2016 15:26,,984XXX3108,984XXX4189,,Local,PLAYA DEL CARMEN  -  QROO,SALIENTE,NO,NO,,1min. 36seg.,1min. 36seg.,$0.00,$1.36,$100.00,$1.36,,0,,,0,,0,0,,0,0,,0,0,,0,,$0.00,,,,,,,,,,,,,,,,,,Saliente Local,,334-20-11613-54689,NOFOUND
22,25/09/2016 15:26,,984XXX4189,984XXX3108,,Local,PLAYA DEL CARMEN  -  QROO,ENTRANTE,NO,NO,,0min. 37seg.,1min. ,$0.00,$0.00,$100.00,$0.00,,0,,,0,,0,0,,0,0,,0,0,,0,,$0.00,,,,,,,,,,,,,,,,,,Entrante Local,,334-20-11613-34689,NOFOUND
23,26/09/2016 15:26,,984XXX3108,984XXX6667,,Local,PLAYA DEL CARMEN  -  QROO,SALIENTE,NO,NO,,2min. 7seg.,2min. 7seg.,$0.00,$0.00,$100.00,$0.00,,0,,,0,,0,0,,0,0,,0,0,,0,,$0.00,,,,,,,,,,,,,,,,PASinFronteraIlimitado,,Saliente Local,,334-20-11613-2488,NOFOUND
24,27/09/2016 15:26,,984XXX3108,984XXX6275,,Local,PLAYA DEL CARMEN  -  QROO,SALIENTE,NO,NO,,0min. 31seg.,0min. 31seg.,$0.00,$0.00,$100.00,$0.00,,0,,,0,,0,0,,0,0,,0,0,,0,,$0.00,,,,,,,,,,,,,,,,PASinFronteraIlimitado,,Saliente Local,,334-20-11613-4683,NOFOUND
25,28/09/2016 15:26,,984XXX3108,984XXX6275,,Local,PLAYA DEL CARMEN  -  QROO,SALIENTE,NO,NO,,0min. 37seg.,0min. 37seg.,$0.00,$0.00,$100.00,$0.00,,0,,,0,,0,0,,0,0,,0,0,,0,,$0.00,,,,,,,,,,,,,,,,PASinFronteraIlimitado,,Saliente Local,,334-20-11613-34689,NOFOUND
26,29/09/2016 15:26,,984XXX3108,984XXX6275,0,Local,PLAYA DEL CARMEN  -  QROO,MENS.SALIENTE,NO,NO,0,0min. ,0min. ,$0.00,$0.00,$100.00,$0.00,,0,0,0,0,,0,0,,0,0,,0,0,,0,,$0.00,,,,,,,,,,,,,,,,PASinFronteraIlimitado,,SMS Enviado,,0,0
27,30/09/2016 15:26,,984XXX3108,984XXX6275,,Local,PLAYA DEL CARMEN  -  QROO,SALIENTE,NO,NO,,2min. 5seg.,2min. 5seg.,$0.00,$0.00,$100.00,$0.00,,0,,,0,,0,0,,0,0,,0,0,,0,,$0.00,,,,,,,,,,,,,,,,PASinFronteraIlimitado,,Saliente Local,,334-20-11613-34689,NOFOUND
28,01/10/2016 15:26,,984XXX3108,984XXX6275,,Local,PLAYA DEL CARMEN  -  QROO,SALIENTE,NO,NO,,1min. 34seg.,1min. 34seg.,$0.00,$0.00,$100.00,$0.00,,0,,,0,,0,0,,0,0,,0,0,,0,,$0.00,,,,,,,,,,,,,,,,PASinFronteraIlimitado,,Saliente Local,,334-20-11613-56298,NOFOUND
29,02/10/2016 15:26,,984XXX3108,984XXX6275,,Local,PLAYA DEL CARMEN  -  QROO,SALIENTE,NO,NO,,0min. 23seg.,0min. 23seg.,$0.00,$0.00,$100.00,$0.00,,0,,,0,,0,0,,0,0,,0,0,,0,,$0.00,,,,,,,,,,,,,,,,PASinFronteraIlimitado,,Saliente Local,,334-20-11613-34689,NOFOUND
30,03/10/2016 15:26,,984XXX3108,001865XXX9616,,Norteamérica; con excepción de las llamadas de frontera,PLAYA DEL CARMEN  -  QROO,SALIENTE,NO,NO,,30min. 33seg.,30min. 33seg.,$0.00,$0.00,$100.00,$0.00,,0,,,0,,0,0,,0,0,,0,0,,0,,$0.00,,,,,,,,,,,,,,,,PASinFronteraIlimitado,,Saliente Internacional,,334-20-11613-54689,NOFOUND
31,04/10/2016 15:26,,001865XXX9616,984XXX3108,,Local,PLAYA DEL CARMEN  -  QROO,ENTRANTE,NO,NO,,2hrs. 43min. 17seg.,2hrs. 44min. 0seg.,$0.00,$0.00,$100.00,$0.00,,0,,,0,,0,0,,0,0,,0,0,,0,,$0.00,,,,,,,,,,,,,,,,PASinFronteraIlimitado,,Entrante Local,,,
32,05/10/2016 15:26,,001865XXX9616,984XXX3108,,Nacional dentro de México,PLAYA DEL CARMEN  -  QROO,ENTRANTE,NO,NO,,2hrs. 43min. 17seg.,2hrs. 44min. 0seg.,$0.00,$0.00,$0,$0,,0,,,0,,,0,,,0,,,0,,,,,,,,,,,,,,,,,,,,,,Entrante Nacional,,334-20-11613-34689,NOFOUND
33,06/10/2016 15:26,,984XXX3108,001860XXX7037,,Norteamérica; con excepción de las llamadas de frontera,PLAYA DEL CARMEN  -  QROO,SALIENTE,NO,NO,,0min. 3seg.,0min. 3seg.,$0.00,$0.00,$100.00,$0.00,,0,,,0,,0,0,,0,0,,0,0,,0,,$0.00,,,,,,,,,,,,,,,,PASinFronteraIlimitado,,Saliente Internacional,,334-20-11613-34689,NOFOUND
34,07/10/2016 15:26,,984XXX3108,001865XXX9616,,Norteamérica; con excepción de las llamadas de frontera,PLAYA DEL CARMEN  -  QROO,SALIENTE,NO,NO,,0min. 6seg.,0min. 6seg.,$0.00,$0.00,$100.00,$0.00,,0,,,0,,0,0,,0,0,,0,0,,0,,$0.00,,,,,,,,,,,,,,,,PASinFronteraIlimitado,,Saliente Internacional,,334-20-11613-34689,NOFOUND
35,08/10/2016 15:26,,984XXX3108,001646XXX4430,,Norteamérica; con excepción de las llamadas de frontera,PLAYA DEL CARMEN  -  QROO,SALIENTE,NO,NO,,0min. 25seg.,0min. 25seg.,$0.00,$0.00,$100.00,$0.00,,0,,,0,,0,0,,0,0,,0,0,,0,,$0.00,,,,,,,,,,,,,,,,PASinFronteraIlimitado,,Saliente Internacional,,334-20-11613-56298,NOFOUND
36,09/10/2016 15:26,,984XXX3108,001865XXX9616,,Norteamérica; con excepción de las llamadas de frontera,PLAYA DEL CARMEN  -  QROO,SALIENTE,NO,NO,,0min. 4seg.,0min. 4seg.,$0.00,$0.00,$100.00,$0.00,,0,,,0,,0,0,,0,0,,0,0,,0,,$0.00,,,,,,,,,,,,,,,,PASinFronteraIlimitado,,Saliente Internacional,,334-20-11613-34689,NOFOUND
37,10/10/2016 15:26,,984XXX3108,001860XXX7037,,Norteamérica; con excepción de las llamadas de frontera,PLAYA DEL CARMEN  -  QROO,SALIENTE,NO,NO,,0min. 3seg.,0min. 3seg.,$0.00,$0.00,$100.00,$0.00,,0,,,0,,0,0,,0,0,,0,0,,0,,$0.00,,,,,,,,,,,,,,,,PASinFronteraIlimitado,,Saliente Internacional,,334-20-11613-34689,NOFOUND
38,11/10/2016 15:26,,984XXX3108,001347XXX9852,0,Local,PLAYA DEL CARMEN  -  QROO,SMOII,NO,NO,0,0min. ,0min. ,$0.00,$0.00,$100.00,$0.00,,0,0,0,0,,0,0,,0,0,,0,0,,0,,$0.00,,,,,,,,,,,,,,,,PASinFronteraIlimitado,,SMS Enviado Otro OP,,0,0
39,12/10/2016 15:26,,984XXX3108,001860XXX7037,,Norteamérica; con excepción de las llamadas de frontera,PLAYA DEL CARMEN  -  QROO,SALIENTE,NO,NO,,0min. 2seg.,0min. 2seg.,$0.00,$0.00,$100.00,$0.00,,0,,,0,,0,0,,0,0,,0,0,,0,,$0.00,,,,,,,,,,,,,,,,PASinFronteraIlimitado,,Saliente Internacional,,334-20-11613-34689,NOFOUND
40,13/10/2016 15:26,,984XXX3108,001865XXX9616,,Norteamérica; con excepción de las llamadas de frontera,PLAYA DEL CARMEN  -  QROO,SALIENTE,NO,NO,,0min. 5seg.,0min. 5seg.,$0.00,$0.00,$100.00,$0.00,,0,,,0,,0,0,,0,0,,0,0,,0,,$0.00,,,,,,,,,,,,,,,,PASinFronteraIlimitado,,Saliente Internacional,,334-20-11613-54689,NOFOUND
41,14/10/2016 15:26,,984XXX3108,001347XXX9852,0,Local,PLAYA DEL CARMEN  -  QROO,SMOII,NO,NO,0,0min. ,0min. ,$0.00,$0.00,$100.00,$0.00,,0,0,0,0,,0,0,,0,0,,0,0,,0,,$0.00,,,,,,,,,,,,,,,,PASinFronteraIlimitado,,SMS Enviado Otro OP,,0,0
42,15/10/2016 15:26,,984XXX3108,001347XXX9852,0,Local,PLAYA DEL CARMEN  -  QROO,SMOII,NO,NO,0,0min. ,0min. ,$0.00,$0.00,$100.00,$0.00,,0,0,0,0,,0,0,,0,0,,0,0,,0,,$0.00,,,,,,,,,,,,,,,,PASinFronteraIlimitado,,SMS Enviado Otro OP,,0,0
43,16/10/2016 15:26,,984XXX3108,001347XXX9852,0,Local,PLAYA DEL CARMEN  -  QROO,SMOII,NO,NO,0,0min. ,0min. ,$0.00,$0.00,$100.00,$0.00,,0,0,0,0,,0,0,,0,0,,0,0,,0,,$0.00,,,,,,,,,,,,,,,,PASinFronteraIlimitado,,SMS Enviado Otro OP,,0,0
44,17/10/2016 15:26,,984XXX3108,001860XXX7037,,Norteamérica; con excepción de las llamadas de frontera,PLAYA DEL CARMEN  -  QROO,SALIENTE,NO,NO,,31min. 35seg.,31min. 35seg.,$0.00,$0.00,$100.00,$0.00,,0,,,0,,0,0,,0,0,,0,0,,0,,$0.00,,,,,,,,,,,,,,,,PASinFronteraIlimitado,,Saliente Internacional,,334-20-11613-54689,NOFOUND
45,18/10/2016 15:26,,984XXX3108,001865XXX9616,,Norteamérica; con excepción de las llamadas de frontera,PLAYA DEL CARMEN  -  QROO,SALIENTE,NO,NO,,0min. 5seg.,0min. 5seg.,$0.00,$0.00,$100.00,$0.00,,0,,,0,,0,0,,0,0,,0,0,,0,,$0.00,,,,,,,,,,,,,,,,PASinFronteraIlimitado,,Saliente Internacional,,334-20-11613-54689,NOFOUND
46,19/10/2016 15:26,,984XXX3108,001347XXX9852,,Norteamérica; con excepción de las llamadas de frontera,PLAYA DEL CARMEN  -  QROO,SALIENTE,NO,NO,,6min. 2seg.,6min. 2seg.,$0.00,$0.00,$100.00,$0.00,,0,,,0,,0,0,,0,0,,0,0,,0,,$0.00,,,,,,,,,,,,,,,,PASinFronteraIlimitado,,Saliente Internacional,,334-20-11613-54689,NOFOUND
47,20/10/2016 15:26,,984XXX3108,001646XXX4430,,Norteamérica; con excepción de las llamadas de frontera,PLAYA DEL CARMEN  -  QROO,SALIENTE,NO,NO,,0min. 28seg.,0min. 28seg.,$0.00,$0.00,$0.00,$0.00,,0,,,0,,0,0,,0,0,,0,0,,0,,$0.00,,,,,,,,,,,,,,,,PASinFronteraIlimitado,,Saliente Internacional,,334-20-11613-38741,NOFOUND
48,21/10/2016 15:26,,984XXX3108,001347XXX9852,,Norteamérica; con excepción de las llamadas de frontera,PLAYA DEL CARMEN  -  QROO,SALIENTE,NO,NO,,0min. 33seg.,0min. 33seg.,$0.00,$0.00,$0.00,$0.00,,0,,,0,,0,0,,0,0,,0,0,,0,,$0.00,,,,,,,,,,,,,,,,PASinFronteraIlimitado,,Saliente Internacional,,334-20-11613-58741,NOFOUND
49,22/10/2016 15:26,,984XXX3108,001347XXX9852,,Norteamérica; con excepción de las llamadas de frontera,PLAYA DEL CARMEN  -  QROO,SALIENTE,NO,NO,,0min. 2seg.,0min. 2seg.,$0.00,$0.00,$0.00,$0.00,,0,,,0,,0,0,,0,0,,0,0,,0,,$0.00,,,,,,,,,,,,,,,,PASinFronteraIlimitado,,Saliente Internacional,,334-20-11613-58741,NOFOUND
50,23/10/2016 15:26,,984XXX3108,50052,0,Local,PLAYA DEL CARMEN  -  QROO,MENS.SALIENTE,NO,NO,0,0min. ,0min. ,$0.00,$0.00,$0.00,$0.00,,0,0,0,0,,0,0,,0,0,,0,0,,0,,$0.00,,,,,,,,,,,,,,,,,,SMS Enviado,,0,0
51,24/10/2016 15:26,,984XXX3108,*B264,,Nacional dentro de México,PLAYA DEL CARMEN  -  QROO,SALIENTE,NO,NO,,10min. 52seg.,11min. ,$0.00,$0.00,$0,$0,,0,,,0,,,0,,,0,,,0,,,,,,,,,,,,,,,,,,,,,,Saliente Nacional,,334-20-11613-34689,NOFOUND
52,25/10/2016 15:26,,984XXX3108,984XXX3393,,Local,PLAYA DEL CARMEN  -  QROO,SALIENTE,NO,NO,,0min. 31seg.,0min. 31seg.,$0.00,$0.00,$0.00,$0.00,,0,,,0,,0,0,,0,0,,0,0,,0,,$0.00,,,,,,,,,,,,,,,,PASinFronteraIlimitado,,Saliente Local,,334-20-11613-2486,NOFOUND
53,26/10/2016 15:26,27/08/2016 23:03,33402010XXX9754,internet.itelcel.coXXXGLTE,354623062XXX5778,Local,PLAYA DEL CARMEN  -  QROO,GPRS,NO,NO,22556,0min. ,0min. ,$0.00,$0.00,$0.00,$0.00,,33,0,0,0,,,0,,,0,,,0,,,"$1,021.95",$0.02,MENSAJERO;GPRS-1,,,,,,,,,,,,,,,WHATSAPP_GRATIS,,MENSAJERO,,,
54,27/10/2016 15:26,27/08/2016 22:48,33402010XXX9754,internet.itelcel.coXXXGLTE,354623062XXX5778,Local,PLAYA DEL CARMEN  -  QROO,GPRS,NO,NO,108318,0min. ,0min. ,$0.00,$0.00,$0.00,$0.00,,33,0,0,0,,,0,,,0,,,0,,,"$1,022.05",$0.10,RS;GPRS-1,,,,,,,,,,,,,,,RS_GRATIS,,RS,,,
55,28/10/2016 15:26,28/08/2016 00:07,33402010XXX9754,internet.itelcel.coXXXGLTE,354623062XXX5778,Local,PLAYA DEL CARMEN  -  QROO,GPRS,NO,NO,940099,0min. ,0min. ,$0.00,$0.00,$0.00,$0.00,,39,0,0,0,,,0,,,0,,,0,,,$356.55,$0.90,INTERNET;GPRS-1,,,,,,,,,,,,,,,,,INTERNET,,,
56,29/10/2016 15:26,,984XXX3108,001865XXX9616,,Norteamérica; con excepción de las llamadas de frontera,PLAYA DEL CARMEN  -  QROO,SALIENTE,NO,NO,,57min. 43seg.,57min. 43seg.,$0.00,$0.00,$0.00,$0.00,,0,,,0,,0,0,,0,0,,0,0,,0,,$0.00,,,,,,,,,,,,,,,,PASinFronteraIlimitado,,Saliente Internacional,,334-20-11613-58811,NOFOUND
57,30/10/2016 15:26,,984XXX3108,001860XXX7037,,Norteamérica; con excepción de las llamadas de frontera,PLAYA DEL CARMEN  -  QROO,SALIENTE,NO,NO,,0min. 7seg.,0min. 7seg.,$0.00,$0.00,$0.00,$0.00,,0,,,0,,0,0,,0,0,,0,0,,0,,$0.00,,,,,,,,,,,,,,,,PASinFronteraIlimitado,,Saliente Internacional,,334-20-11613-38811,NOFOUND
58,31/10/2016 15:26,,984XXX3108,001865XXX9616,,Norteamérica; con excepción de las llamadas de frontera,PLAYA DEL CARMEN  -  QROO,SALIENTE,NO,NO,,0min. 10seg.,0min. 10seg.,$0.00,$0.00,$0.00,$0.00,,0,,,0,,0,0,,0,0,,0,0,,0,,$0.00,,,,,,,,,,,,,,,,PASinFronteraIlimitado,,Saliente Internacional,,334-20-11613-58811,NOFOUND
59,01/11/2016 15:26,,984XXX3108,984XXX4189,,Local,PLAYA DEL CARMEN  -  QROO,SALIENTE,NO,NO,,0min. 16seg.,0min. 16seg.,$0.00,$0.00,$0.00,$0.00,,0,,,0,,0,0,,0,0,,0,0,,0,,$0.00,,,,,,,,,,,,,,,,PASinFronteraIlimitado,,Saliente Local,,334-20-11613-36298,NOFOUND
60,02/11/2016 15:26,,984XXX3108,984XXX3560,,Local,PLAYA DEL CARMEN  -  QROO,SALIENTE,NO,NO,,4min. 55seg.,4min. 55seg.,$0.00,$0.00,$0.00,$0.00,,0,,,0,,0,0,,0,0,,0,0,,0,,$0.00,,,,,,,,,,,,,,,,PASinFronteraIlimitado,,Saliente Local,,334-20-11613-34689,NOFOUND
61,03/11/2016 15:26,,984XXX3108,984XXX9670,,Local,PLAYA DEL CARMEN  -  QROO,SALIENTE,NO,NO,,0min. 28seg.,0min. 28seg.,$0.00,$0.00,$0.00,$0.00,,0,,,0,,0,0,,0,0,,0,0,,0,,$0.00,,,,,,,,,,,,,,,,PASinFronteraIlimitado,,Saliente Local,,334-20-11613-54689,NOFOUND
62,04/11/2016 15:26,,984XXX3108,984XXX4189,,Local,PLAYA DEL CARMEN  -  QROO,SALIENTE,NO,NO,,0min. 30seg.,0min. 30seg.,$0.00,$0.00,$0.00,$0.00,,0,,,0,,0,0,,0,0,,0,0,,0,,$0.00,,,,,,,,,,,,,,,,PASinFronteraIlimitado,,Saliente Local,,334-20-11613-54689,NOFOUND
63,05/11/2016 15:26,,984XXX3108,984XXX4189,,Local,PLAYA DEL CARMEN  -  QROO,SALIENTE,NO,NO,,0min. 9seg.,0min. 9seg.,$0.00,$0.00,$0.00,$0.00,,0,,,0,,0,0,,0,0,,0,0,,0,,$0.00,,,,,,,,,,,,,,,,PASinFronteraIlimitado,,Saliente Local,,334-20-11613-34689,NOFOUND
64,06/11/2016 15:26,,984XXX3108,984XXX6667,,Local,PLAYA DEL CARMEN  -  QROO,SALIENTE,NO,NO,,1min. 10seg.,1min. 10seg.,$0.00,$0.00,$0.00,$0.00,,0,,,0,,0,0,,0,0,,0,0,,0,,$0.00,,,,,,,,,,,,,,,,PASinFronteraIlimitado,,Saliente Local,,334-20-11613-54689,NOFOUND
65,07/11/2016 15:26,,984XXX3108,984XXX9001,,Local,PLAYA DEL CARMEN  -  QROO,SALIENTE,NO,NO,,0min. 16seg.,0min. 16seg.,$0.00,$0.00,$0.00,$0.00,,0,,,0,,0,0,,0,0,,0,0,,0,,$0.00,,,,,,,,,,,,,,,,PASinFronteraIlimitado,,Saliente Local,,334-20-11613-54689,NOFOUND
66,08/11/2016 15:26,,984XXX3108,984XXX2170,,Local,PLAYA DEL CARMEN  -  QROO,SALIENTE,NO,NO,,2min. 40seg.,2min. 40seg.,$0.00,$0.00,$0.00,$0.00,,0,,,0,,0,0,,0,0,,0,0,,0,,$0.00,,,,,,,,,,,,,,,,PASinFronteraIlimitado,,Saliente Local,,334-20-11613-54689,NOFOUND
67,09/11/2016 15:26,,984XXX3108,554XXX0689,0,Local,PLAYA DEL CARMEN  -  QROO,MENS.SALIENTE,NO,NO,0,0min. ,0min. ,$0.00,$0.00,$0.00,$0.00,,0,0,0,0,,0,0,,0,0,,0,0,,0,,$0.00,,,,,,,,,,,,,,,,PASinFronteraIlimitado,,SMS Enviado,,0,0
68,10/11/2016 15:26,,984XXX3108,554XXX0689,0,Local,PLAYA DEL CARMEN  -  QROO,MENS.SALIENTE,NO,NO,0,0min. ,0min. ,$0.00,$0.00,$0.00,$0.00,,0,0,0,0,,0,0,,0,0,,0,0,,0,,$0.00,,,,,,,,,,,,,,,,PASinFronteraIlimitado,,SMS Enviado,,0,0
69,11/11/2016 15:26,,984XXX3108,554XXX0689,0,Local,PLAYA DEL CARMEN  -  QROO,MENS.SALIENTE,NO,NO,0,0min. ,0min. ,$0.00,$0.00,$0.00,$0.00,,0,0,0,0,,0,0,,0,0,,0,0,,0,,$0.00,,,,,,,,,,,,,,,,PASinFronteraIlimitado,,SMS Enviado,,0,0
70,12/11/2016 15:26,,984XXX6275,984XXX3108,,Local,PLAYA DEL CARMEN  -  QROO,ENTRANTE,NO,NO,,0min. 14seg.,1min. ,$0.00,$0.00,$0.00,$0.00,,0,,,0,,0,0,,0,0,,0,0,,0,,$0.00,,,,,,,,,,,,,,,,PASinFronteraIlimitado,,Entrante Local,,334-20-11613-32487,NOFOUND
71,13/11/2016 15:26,,984XXX3108,984XXX2312,,Local,PLAYA DEL CARMEN  -  QROO,SALIENTE,NO,NO,,0min. 18seg.,0min. 18seg.,$0.00,$0.00,$0.00,$0.00,,0,,,0,,0,0,,0,0,,0,0,,0,,$0.00,,,,,,,,,,,,,,,,PASinFronteraIlimitado,,Saliente Local,,334-20-11613-54689,NOFOUND
72,14/11/2016 15:26,,984XXX3108,984XXX2312,,Local,PLAYA DEL CARMEN  -  QROO,SALIENTE,NO,NO,,0min. 19seg.,0min. 19seg.,$0.00,$0.00,$0.00,$0.00,,0,,,0,,0,0,,0,0,,0,0,,0,,$0.00,,,,,,,,,,,,,,,,PASinFronteraIlimitado,,Saliente Local,,334-20-11613-34689,NOFOUND
73,15/11/2016 15:26,,984XXX3108,984XXX4189,,Local,PLAYA DEL CARMEN  -  QROO,SALIENTE,NO,NO,,2min. 10seg.,2min. 10seg.,$0.00,$0.00,$0.00,$0.00,,0,,,0,,0,0,,0,0,,0,0,,0,,$0.00,,,,,,,,,,,,,,,,PASinFronteraIlimitado,,Saliente Local,,334-20-11613-54689,NOFOUND
74,16/11/2016 15:26,,984XXX3108,001646XXX4430,,Norteamérica; con excepción de las llamadas de frontera,PLAYA DEL CARMEN  -  QROO,SALIENTE,NO,NO,,0min. 21seg.,0min. 21seg.,$0.00,$0.00,$0.00,$0.00,,0,,,0,,0,0,,0,0,,0,0,,0,,$0.00,,,,,,,,,,,,,,,,PASinFronteraIlimitado,,Saliente Internacional,,334-20-11613-34689,NOFOUND
75,17/11/2016 15:26,,961XXX6800,984XXX3108,961XXX6800,Nacional dentro de México,PLAYA DEL CARMEN  -  QROO,TRANSFERENCIA,NO,NO,,0min. 23seg.,1min. ,$0.00,$0.00,$0.00,$0.00,,0,,,0,,0,0,,0,0,,0,0,,0,,$0.00,,,,,,,,,,,,,,,,,,Desvio Nacional,,334-20-0-0,SIU5227
76,18/11/2016 15:26,,984XXX3108,001865XXX9616,,Norteamérica; con excepción de las llamadas de frontera,PLAYA DEL CARMEN  -  QROO,SALIENTE,NO,NO,,0min. 31seg.,0min. 31seg.,$0.00,$0.00,$0.00,$0.00,,0,,,0,,0,0,,0,0,,0,0,,0,,$0.00,,,,,,,,,,,,,,,,PASinFronteraIlimitado,,Saliente Internacional,,334-20-11613-32488,NOFOUND
77,19/11/2016 15:26,,984XXX3108,001865XXX9616,,Norteamérica; con excepción de las llamadas de frontera,PLAYA DEL CARMEN  -  QROO,SALIENTE,NO,NO,,2min. 14seg.,2min. 14seg.,$0.00,$0.00,$0.00,$0.00,,0,,,0,,0,0,,0,0,,0,0,,0,,$0.00,,,,,,,,,,,,,,,,PASinFronteraIlimitado,,Saliente Internacional,,334-20-11613-12486,NOFOUND
78,20/11/2016 15:26,,984XXX3108,001865XXX9616,0,Local,PLAYA DEL CARMEN  -  QROO,SMOII,NO,NO,0,0min. ,0min. ,$0.00,$0.00,$0.00,$0.00,,0,0,0,0,,0,0,,0,0,,0,0,,0,,$0.00,,,,,,,,,,,,,,,,PASinFronteraIlimitado,,SMS Enviado Otro OP,,0,0
79,21/11/2016 15:26,,984XXX3108,984XXX6667,,Local,PLAYA DEL CARMEN  -  QROO,SALIENTE,NO,NO,,0min. 45seg.,0min. 45seg.,$0.00,$0.00,$0.00,$0.00,,0,,,0,,0,0,,0,0,,0,0,,0,,$0.00,,,,,,,,,,,,,,,,PASinFronteraIlimitado,,Saliente Local,,334-20-11613-34689,NOFOUND
80,22/11/2016 15:26,,984XXX3108,001860XXX7037,,Norteamérica; con excepción de las llamadas de frontera,PLAYA DEL CARMEN  -  QROO,SALIENTE,NO,NO,,41min. 59seg.,41min. 59seg.,$0.00,$0.00,$0.00,$0.00,,0,,,0,,0,0,,0,0,,0,0,,0,,$0.00,,,,,,,,,,,,,,,,PASinFronteraIlimitado,,Saliente Internacional,,334-20-11613-54689,NOFOUND
81,23/11/2016 15:26,,984XXX3108,001860XXX7037,,Norteamérica; con excepción de las llamadas de frontera,PLAYA DEL CARMEN  -  QROO,SALIENTE,NO,NO,,3hrs. 0min. 12seg.,3hrs. 1min. 0seg.,$0.00,$0.00,$0,$0,,0,,,0,,,0,,,0,,,0,,,,,,,,,,,,,,,,,,,,,,Saliente Internacional,,334-20-11613-54689,NOFOUND
82,24/11/2016 15:26,,984XXX3108,001860XXX7037,,Norteamérica; con excepción de las llamadas de frontera,PLAYA DEL CARMEN  -  QROO,SALIENTE,NO,NO,,3hrs. 0min. 0seg.,3hrs. 0min. 0seg.,$0.00,$0.00,$0.00,$0.00,,0,,,0,,0,0,,0,0,,0,0,,0,,$0.00,,,,,,,,,,,,,,,,PASinFronteraIlimitado,,Saliente Internacional,,,
83,25/11/2016 15:26,,984XXX3108,001646XXX4430,,Norteamérica; con excepción de las llamadas de frontera,PLAYA DEL CARMEN  -  QROO,SALIENTE,NO,NO,,0min. 52seg.,0min. 52seg.,$0.00,$0.00,$0.00,$0.00,,0,,,0,,0,0,,0,0,,0,0,,0,,$0.00,,,,,,,,,,,,,,,,PASinFronteraIlimitado,,Saliente Internacional,,334-20-11613-34689,NOFOUND
84,26/11/2016 15:26,,984XXX3108,001646XXX4430,,Norteamérica; con excepción de las llamadas de frontera,PLAYA DEL CARMEN  -  QROO,SALIENTE,NO,NO,,1min. ,1min. ,$0.00,$0.00,$0.00,$0.00,,0,,,0,,0,0,,0,0,,0,0,,0,,$0.00,,,,,,,,,,,,,,,,PASinFronteraIlimitado,,Saliente Internacional,,334-20-11613-54689,NOFOUND
85,27/11/2016 15:26,,984XXX3108,001646XXX4430,,Norteamérica; con excepción de las llamadas de frontera,PLAYA DEL CARMEN  -  QROO,SALIENTE,NO,NO,,0min. 43seg.,0min. 43seg.,$0.00,$0.00,$0.00,$0.00,,0,,,0,,0,0,,0,0,,0,0,,0,,$0.00,,,,,,,,,,,,,,,,PASinFronteraIlimitado,,Saliente Internacional,,334-20-11613-54689,NOFOUND
86,28/11/2016 15:26,,984XXX3108,001646XXX4430,,Norteamérica; con excepción de las llamadas de frontera,PLAYA DEL CARMEN  -  QROO,SALIENTE,NO,NO,,1min. 48seg.,1min. 48seg.,$0.00,$0.00,$0.00,$0.00,,0,,,0,,0,0,,0,0,,0,0,,0,,$0.00,,,,,,,,,,,,,,,,PASinFronteraIlimitado,,Saliente Internacional,,334-20-11613-36298,NOFOUND
87,29/11/2016 15:26,,984XXX3108,001646XXX4430,,Norteamérica; con excepción de las llamadas de frontera,PLAYA DEL CARMEN  -  QROO,SALIENTE,NO,NO,,1min. 8seg.,1min. 8seg.,$0.00,$0.00,$0.00,$0.00,,0,,,0,,0,0,,0,0,,0,0,,0,,$0.00,,,,,,,,,,,,,,,,PASinFronteraIlimitado,,Saliente Internacional,,334-20-11613-56298,NOFOUND
88,30/11/2016 15:26,,984XXX3108,001865XXX9616,,Norteamérica; con excepción de las llamadas de frontera,PLAYA DEL CARMEN  -  QROO,SALIENTE,NO,NO,,0min. 29seg.,0min. 29seg.,$0.00,$0.00,$0.00,$0.00,,0,,,0,,0,0,,0,0,,0,0,,0,,$0.00,,,,,,,,,,,,,,,,PASinFronteraIlimitado,,Saliente Internacional,,334-20-11613-34689,NOFOUND
89,01/12/2016 15:26,,984XXX6275,984XXX3108,,Local,PLAYA DEL CARMEN  -  QROO,ENTRANTE,NO,NO,,0min. 25seg.,1min. ,$0.00,$0.00,$0.00,$0.00,,0,,,0,,0,0,,0,0,,0,0,,0,,$0.00,,,,,,,,,,,,,,,,PASinFronteraIlimitado,,Entrante Local,,334-20-11613-34689,NOFOUND
90,02/12/2016 15:26,,984XXX6275,984XXX3108,,Local,PLAYA DEL CARMEN  -  QROO,ENTRANTE,NO,NO,,0min. 55seg.,1min. ,$0.00,$0.00,$0.00,$0.00,,0,,,0,,0,0,,0,0,,0,0,,0,,$0.00,,,,,,,,,,,,,,,,PASinFronteraIlimitado,,Entrante Local,,334-20-11613-54689,NOFOUND
91,03/12/2016 15:26,,984XXX3108,984XXX4189,,Local,PLAYA DEL CARMEN  -  QROO,SALIENTE,NO,NO,,1min. 3seg.,1min. 3seg.,$0.00,$0.00,$0.00,$0.00,,0,,,0,,0,0,,0,0,,0,0,,0,,$0.00,,,,,,,,,,,,,,,,PASinFronteraIlimitado,,Saliente Local,,334-20-11613-54689,NOFOUND
92,04/12/2016 15:26,,984XXX3108,001865XXX9616,,Norteamérica; con excepción de las llamadas de frontera,PLAYA DEL CARMEN  -  QROO,SALIENTE,NO,NO,,0min. 39seg.,0min. 39seg.,$0.00,$0.00,$0.00,$0.00,,0,,,0,,0,0,,0,0,,0,0,,0,,$0.00,,,,,,,,,,,,,,,,PASinFronteraIlimitado,,Saliente Internacional,,334-20-11613-5074,NOFOUND
93,05/12/2016 15:26,,984XXX3108,001865XXX9616,,Norteamérica; con excepción de las llamadas de frontera,PLAYA DEL CARMEN  -  QROO,SALIENTE,NO,NO,,0min. 5seg.,0min. 5seg.,$0.00,$0.00,$0.00,$0.00,,0,,,0,,0,0,,0,0,,0,0,,0,,$0.00,,,,,,,,,,,,,,,,PASinFronteraIlimitado,,Saliente Internacional,,334-20-11613-24692,NOFOUND
94,06/12/2016 15:26,,984XXX3108,001865XXX9616,,Norteamérica; con excepción de las llamadas de frontera,PLAYA DEL CARMEN  -  QROO,SALIENTE,NO,NO,,0min. 5seg.,0min. 5seg.,$0.00,$0.00,$0.00,$0.00,,0,,,0,,0,0,,0,0,,0,0,,0,,$0.00,,,,,,,,,,,,,,,,PASinFronteraIlimitado,,Saliente Internacional,,334-20-11613-34689,NOFOUND
95,07/12/2016 15:26,,984XXX3108,984XXX2943,,Local,PLAYA DEL CARMEN  -  QROO,SALIENTE,NO,NO,,1min. 4seg.,1min. 4seg.,$0.00,$0.00,$0.00,$0.00,,0,,,0,,0,0,,0,0,,0,0,,0,,$0.00,,,,,,,,,,,,,,,,PASinFronteraIlimitado,,Saliente Local,,334-20-11613-34689,NOFOUND
96,08/12/2016 15:26,,984XXX3108,984XXX3256,,Local,PLAYA DEL CARMEN  -  QROO,SALIENTE,NO,NO,,1min. ,1min. ,$0.00,$0.00,$0.00,$0.00,,0,,,0,,0,0,,0,0,,0,0,,0,,$0.00,,,,,,,,,,,,,,,,PASinFronteraIlimitado,,Saliente Local,,334-20-11613-54689,NOFOUND
97,09/12/2016 15:26,,984XXX3108,001865XXX9616,,Norteamérica; con excepción de las llamadas de frontera,PLAYA DEL CARMEN  -  QROO,SALIENTE,NO,NO,,0min. 6seg.,0min. 6seg.,$0.00,$0.00,$0.00,$0.00,,0,,,0,,0,0,,0,0,,0,0,,0,,$0.00,,,,,,,,,,,,,,,,PASinFronteraIlimitado,,Saliente Internacional,,334-20-11613-54689,NOFOUND
98,10/12/2016 15:26,,984XXX3108,001865XXX9616,,Norteamérica; con excepción de las llamadas de frontera,PLAYA DEL CARMEN  -  QROO,SALIENTE,NO,NO,,0min. 4seg.,0min. 4seg.,$0.00,$0.00,$0.00,$0.00,,0,,,0,,0,0,,0,0,,0,0,,0,,$0.00,,,,,,,,,,,,,,,,PASinFronteraIlimitado,,Saliente Internacional,,334-20-11613-34689,NOFOUND
99,11/12/2016 15:26,,984XXX3108,660910,0,Local,PLAYA DEL CARMEN  -  QROO,MENS.SALIENTE,NO,NO,0,0min. ,0min. ,$0.00,$0.00,$0.00,$0.00,,0,0,0,0,,0,0,,0,0,,0,0,,0,,$0.00,,,,,,,,,,,,,,,,,,SMS Enviado,,0,0
100,12/12/2016 15:26,,984XXX3108,001646XXX4430,,Norteamérica; con excepción de las llamadas de frontera,PLAYA DEL CARMEN  -  QROO,SALIENTE,NO,NO,,23min. 41seg.,23min. 41seg.,$0.00,$0.00,$0.00,$0.00,,0,,,0,,0,0,,0,0,,0,0,,0,,$0.00,,,,,,,,,,,,,,,,PASinFronteraIlimitado,,Saliente Internacional,,334-20-11613-36298,NOFOUND
101,13/12/2016 15:26,,984XXX3108,001865XXX9616,,Norteamérica; con excepción de las llamadas de frontera,PLAYA DEL CARMEN  -  QROO,SALIENTE,NO,NO,,0min. 6seg.,0min. 6seg.,$0.00,$0.00,$0.00,$0.00,,0,,,0,,0,0,,0,0,,0,0,,0,,$0.00,,,,,,,,,,,,,,,,PASinFronteraIlimitado,,Saliente Internacional,,334-20-11613-56298,NOFOUND
102,14/12/2016 15:26,,984XXX3108,001865XXX9616,,Norteamérica; con excepción de las llamadas de frontera,PLAYA DEL CARMEN  -  QROO,SALIENTE,NO,NO,,0min. 6seg.,0min. 6seg.,$0.00,$0.00,$0.00,$0.00,,0,,,0,,0,0,,0,0,,0,0,,0,,$0.00,,,,,,,,,,,,,,,,PASinFronteraIlimitado,,Saliente Internacional,,334-20-11613-34689,NOFOUND
103,15/12/2016 15:26,,984XXX3108,001865XXX9616,,Norteamérica; con excepción de las llamadas de frontera,PLAYA DEL CARMEN  -  QROO,SALIENTE,NO,NO,,0min. 6seg.,0min. 6seg.,$0.00,$0.00,$0.00,$0.00,,0,,,0,,0,0,,0,0,,0,0,,0,,$0.00,,,,,,,,,,,,,,,,PASinFronteraIlimitado,,Saliente Internacional,,334-20-11613-54689,NOFOUND
104,16/12/2016 15:26,,984XXX3108,001865XXX9616,,Norteamérica; con excepción de las llamadas de frontera,PLAYA DEL CARMEN  -  QROO,SALIENTE,NO,NO,,0min. 6seg.,0min. 6seg.,$0.00,$0.00,$0.00,$0.00,,0,,,0,,0,0,,0,0,,0,0,,0,,$0.00,,,,,,,,,,,,,,,,PASinFronteraIlimitado,,Saliente Internacional,,334-20-11613-54689,NOFOUND
105,17/12/2016 15:26,,984XXX3108,001865XXX9616,,Norteamérica; con excepción de las llamadas de frontera,PLAYA DEL CARMEN  -  QROO,SALIENTE,NO,NO,,0min. 6seg.,0min. 6seg.,$0.00,$0.00,$0.00,$0.00,,0,,,0,,0,0,,0,0,,0,0,,0,,$0.00,,,,,,,,,,,,,,,,PASinFronteraIlimitado,,Saliente Internacional,,334-20-11613-54689,NOFOUND
106,18/12/2016 15:26,,984XXX3108,001865XXX9616,,Norteamérica; con excepción de las llamadas de frontera,PLAYA DEL CARMEN  -  QROO,SALIENTE,NO,NO,,0min. 5seg.,0min. 5seg.,$0.00,$0.00,$0.00,$0.00,,0,,,0,,0,0,,0,0,,0,0,,0,,$0.00,,,,,,,,,,,,,,,,PASinFronteraIlimitado,,Saliente Internacional,,334-20-11613-54689,NOFOUND
107,19/12/2016 15:26,,984XXX3108,001865XXX9616,,Norteamérica; con excepción de las llamadas de frontera,PLAYA DEL CARMEN  -  QROO,SALIENTE,NO,NO,,0min. 48seg.,0min. 48seg.,$0.00,$0.00,$0.00,$0.00,,0,,,0,,0,0,,0,0,,0,0,,0,,$0.00,,,,,,,,,,,,,,,,PASinFronteraIlimitado,,Saliente Internacional,,334-20-11613-54689,NOFOUND
108,20/12/2016 15:26,,984XXX6275,984XXX3108,,Local,PLAYA DEL CARMEN  -  QROO,ENTRANTE,NO,NO,,0min. 31seg.,1min. ,$0.00,$0.00,$0.00,$0.00,,0,,,0,,0,0,,0,0,,0,0,,0,,$0.00,,,,,,,,,,,,,,,,PASinFronteraIlimitado,,Entrante Local,,334-20-11613-34689,NOFOUND
109,21/12/2016 15:26,,984XXX3108,001865XXX9616,0,Local,PLAYA DEL CARMEN  -  QROO,SMOII,NO,NO,0,0min. ,0min. ,$0.00,$0.00,$0.00,$0.00,,0,0,0,0,,0,0,,0,0,,0,0,,0,,$0.00,,,,,,,,,,,,,,,,PASinFronteraIlimitado,,SMS Enviado Otro OP,,0,0
110,22/12/2016 15:26,,984XXX3108,001865XXX9616,0,Local,PLAYA DEL CARMEN  -  QROO,SMOII,NO,NO,0,0min. ,0min. ,$0.00,$0.00,$0.00,$0.00,,0,0,0,0,,0,0,,0,0,,0,0,,0,,$0.00,,,,,,,,,,,,,,,,PASinFronteraIlimitado,,SMS Enviado Otro OP,,0,0
111,23/12/2016 15:26,,984XXX6275,984XXX3108,,Local,PLAYA DEL CARMEN  -  QROO,ENTRANTE,NO,NO,,0min. 47seg.,1min. ,$0.00,$0.00,$0.00,$0.00,,0,,,0,,0,0,,0,0,,0,0,,0,,$0.00,,,,,,,,,,,,,,,,PASinFronteraIlimitado,,Entrante Local,,334-20-11613-34689,NOFOUND
112,24/12/2016 15:26,,984XXX3108,984XXX6275,0,Local,PLAYA DEL CARMEN  -  QROO,MENS.SALIENTE,NO,NO,0,0min. ,0min. ,$0.00,$0.00,$0.00,$0.00,,0,0,0,0,,0,0,,0,0,,0,0,,0,,$0.00,,,,,,,,,,,,,,,,PASinFronteraIlimitado,,SMS Enviado,,0,0
113,25/12/2016 15:26,,984XXX3108,001865XXX9616,0,Local,PLAYA DEL CARMEN  -  QROO,SMOII,NO,NO,0,0min. ,0min. ,$0.00,$0.00,$0.00,$0.00,,0,0,0,0,,0,0,,0,0,,0,0,,0,,$0.00,,,,,,,,,,,,,,,,PASinFronteraIlimitado,,SMS Enviado Otro OP,,0,0
114,26/12/2016 15:26,,984XXX3108,001865XXX9616,0,Local,PLAYA DEL CARMEN  -  QROO,SMOII,NO,NO,0,0min. ,0min. ,$0.00,$0.00,$0.00,$0.00,,0,0,0,0,,0,0,,0,0,,0,0,,0,,$0.00,,,,,,,,,,,,,,,,PASinFronteraIlimitado,,SMS Enviado Otro OP,,0,0
115,27/12/2016 15:26,,984XXX3108,001865XXX9616,0,Local,PLAYA DEL CARMEN  -  QROO,SMOII,NO,NO,0,0min. ,0min. ,$0.00,$0.00,$0.00,$0.00,,0,0,0,0,,0,0,,0,0,,0,0,,0,,$0.00,,,,,,,,,,,,,,,,PASinFronteraIlimitado,,SMS Enviado Otro OP,,0,0
116,28/12/2016 15:26,,984XXX3108,001865XXX9616,0,Local,PLAYA DEL CARMEN  -  QROO,SMOII,NO,NO,0,0min. ,0min. ,$0.00,$0.00,$0.00,$0.00,,0,0,0,0,,0,0,,0,0,,0,0,,0,,$0.00,,,,,,,,,,,,,,,,PASinFronteraIlimitado,,SMS Enviado Otro OP,,0,0
117,29/12/2016 15:26,,984XXX3108,984XXX6275,,Local,PLAYA DEL CARMEN  -  QROO,SALIENTE,NO,NO,,0min. 14seg.,0min. 14seg.,$0.00,$0.00,$0.00,$0.00,,0,,,0,,0,0,,0,0,,0,0,,0,,$0.00,,,,,,,,,,,,,,,,PASinFronteraIlimitado,,Saliente Local,,334-20-11613-54689,NOFOUND
118,30/12/2016 15:26,,984XXX3108,001865XXX9616,,Norteamérica; con excepción de las llamadas de frontera,PLAYA DEL CARMEN  -  QROO,SALIENTE,NO,NO,,17min. 59seg.,17min. 59seg.,$0.00,$0.00,$0.00,$0.00,,0,,,0,,0,0,,0,0,,0,0,,0,,$0.00,,,,,,,,,,,,,,,,PASinFronteraIlimitado,,Saliente Internacional,,334-20-11613-34689,NOFOUND
119,31/12/2016 15:26,,984XXX3108,001865XXX9616,,Norteamérica; con excepción de las llamadas de frontera,PLAYA DEL CARMEN  -  QROO,SALIENTE,NO,NO,,34min. 47seg.,34min. 47seg.,$0.00,$0.00,$0.00,$0.00,,0,,,0,,0,0,,0,0,,0,0,,0,,$0.00,,,,,,,,,,,,,,,,PASinFronteraIlimitado,,Saliente Internacional,,334-20-11613-34689,NOFOUND
120,01/01/2017 15:26,,001865XXX9616,984XXX3108,,Local,PLAYA DEL CARMEN  -  QROO,ENTRANTE,NO,NO,,37min. 2seg.,38min. ,$0.00,$0.00,$0.00,$0.00,,0,,,0,,0,0,,0,0,,0,0,,0,,$0.00,,,,,,,,,,,,,,,,PASinFronteraIlimitado,,Entrante Local,,334-20-11613-34689,NOFOUND
121,02/01/2017 15:26,,984XXX6667,984XXX3108,,Local,PLAYA DEL CARMEN  -  QROO,ENTRANTE,NO,NO,,0min. 15seg.,1min. ,$0.00,$0.00,$0.00,$0.00,,0,,,0,,0,0,,0,0,,0,0,,0,,$0.00,,,,,,,,,,,,,,,,PASinFronteraIlimitado,,Entrante Local,,334-20-11613-36298,NOFOUND
122,03/01/2017 15:26,,984XXX6667,984XXX3108,,Local,PLAYA DEL CARMEN  -  QROO,ENTRANTE,NO,NO,,1min. 46seg.,2min. ,$0.00,$0.00,$0.00,$0.00,,0,,,0,,0,0,,0,0,,0,0,,0,,$0.00,,,,,,,,,,,,,,,,PASinFronteraIlimitado,,Entrante Local,,334-20-11613-36298,NOFOUND
123,04/01/2017 15:26,,984XXX3108,984XXX0774,,Local,PLAYA DEL CARMEN  -  QROO,SALIENTE,NO,NO,,9min. 40seg.,9min. 40seg.,$0.00,$0.00,$0.00,$0.00,,0,,,0,,0,0,,0,0,,0,0,,0,,$0.00,,,,,,,,,,,,,,,,PASinFronteraIlimitado,,Saliente Local,,334-20-11613-34689,NOFOUND
124,05/01/2017 15:26,,984XXX3108,984XXX6275,,Local,PLAYA DEL CARMEN  -  QROO,SALIENTE,NO,NO,,0min. 30seg.,0min. 30seg.,$0.00,$0.00,$0.00,$0.00,,0,,,0,,0,0,,0,0,,0,0,,0,,$0.00,,,,,,,,,,,,,,,,PASinFronteraIlimitado,,Saliente Local,,334-20-11613-34689,NOFOUND
125,06/01/2017 15:26,,984XXX3108,984XXX6275,,Local,PLAYA DEL CARMEN  -  QROO,SALIENTE,NO,NO,,1min. 48seg.,1min. 48seg.,$0.00,$0.00,$0.00,$0.00,,0,,,0,,0,0,,0,0,,0,0,,0,,$0.00,,,,,,,,,,,,,,,,PASinFronteraIlimitado,,Saliente Local,,334-20-11613-36044,NOFOUND
126,07/01/2017 15:26,,984XXX3108,984XXX6275,,Local,PLAYA DEL CARMEN  -  QROO,SALIENTE,NO,NO,,4min. 23seg.,4min. 23seg.,$0.00,$0.00,$0.00,$0.00,,0,,,0,,0,0,,0,0,,0,0,,0,,$0.00,,,,,,,,,,,,,,,,PASinFronteraIlimitado,,Saliente Local,,334-20-11613-24689,NOFOUND
127,08/01/2017 15:26,,984XXX6275,984XXX3108,,Local,PLAYA DEL CARMEN  -  QROO,ENTRANTE,NO,NO,,0min. 35seg.,1min. ,$0.00,$0.00,$0.00,$0.00,,0,,,0,,0,0,,0,0,,0,0,,0,,$0.00,,,,,,,,,,,,,,,,PASinFronteraIlimitado,,Entrante Local,,334-20-11613-34689,NOFOUND
128,09/01/2017 15:26,20/08/2016 01:24,33402010XXX9754,internet.itelcel.coXXXGLTE,354623062XXX5778,Local,PLAYA DEL CARMEN  -  QROO,GPRS,NO,NO,0,0min. ,0min. ,$0.00,$0.00,$0.00,$0.00,,0,0,0,0,,,0,,,0,,,0,,,,,RS;GPRS-1,,,,,,,,,,,,,,,RS_GRATIS,,RS,,,
129,10/01/2017 15:26,19/08/2016 20:00,33402010XXX9754,internet.itelcel.coXXXGLTE,354623062XXX5778,Local,PLAYA DEL CARMEN  -  QROO,GPRS,NO,NO,11266,0min. ,0min. ,$0.00,$0.00,$0.00,$0.00,,33,0,0,0,,,0,,,0,,,0,,,"$1,022.19",$0.01,MENSAJERO;GPRS-1,,,,,,,,,,,,,,,WHATSAPP_GRATIS,,MENSAJERO,,,
130,11/01/2017 15:26,19/08/2016 22:41,33402010XXX9754,internet.itelcel.coXXXGLTE,354623062XXX5778,Local,PLAYA DEL CARMEN  -  QROO,GPRS,NO,NO,131869,0min. ,0min. ,$0.00,$0.00,$0.00,$0.00,,33,0,0,0,,,0,,,0,,,0,,,"$1,022.18",$0.13,RS;GPRS-1,,,,,,,,,,,,,,,RS_GRATIS,,RS,,,
131,12/01/2017 15:26,19/08/2016 20:47,33402010XXX9754,internet.itelcel.coXXXGLTE,354623062XXX5778,Local,PLAYA DEL CARMEN  -  QROO,GPRS,NO,NO,559249,0min. ,0min. ,$0.00,$0.00,$0.00,$0.00,,39,0,0,0,,,0,,,0,,,0,,,$357.09,$0.53,INTERNET;GPRS-1,,,,,,,,,,,,,,,,,INTERNET,,,
132,13/01/2017 15:26,18/08/2016 22:20,33402010XXX9754,internet.itelcel.coXXXGLTE,354623062XXX5778,Local,PLAYA DEL CARMEN  -  QROO,GPRS,NO,NO,5468,0min. ,0min. ,$0.00,$0.00,$0.00,$0.00,,33,0,0,0,,,0,,,0,,,0,,,"$1,022.21",$0.01,MENSAJERO;GPRS-1,,,,,,,,,,,,,,,WHATSAPP_GRATIS,,MENSAJERO,,,
133,14/01/2017 15:26,18/08/2016 22:20,33402010XXX9754,internet.itelcel.coXXXGLTE,354623062XXX5778,Local,PLAYA DEL CARMEN  -  QROO,GPRS,NO,NO,143127,0min. ,0min. ,$0.00,$0.00,$0.00,$0.00,,39,0,0,0,,,0,,,0,,,0,,,$357.23,$0.14,INTERNET;GPRS-1,,,,,,,,,,,,,,,,,INTERNET,,,
134,15/01/2017 15:26,18/08/2016 22:20,33402010XXX9754,internet.itelcel.coXXXGLTE,354623062XXX5778,Local,PLAYA DEL CARMEN  -  QROO,GPRS,NO,NO,176216,0min. ,0min. ,$0.00,$0.00,$0.00,$0.00,,33,0,0,0,,,0,,,0,,,0,,,"$1,022.36",$0.17,RS;GPRS-1,,,,,,,,,,,,,,,RS_GRATIS,,RS,,,
135,16/01/2017 15:26,,984XXX4762,984XXX3108,,Local,PLAYA DEL CARMEN  -  QROO,ENTRANTE,NO,NO,,3min. 27seg.,4min. ,$0.00,$0.00,$0.00,$0.00,,0,,,0,,0,0,,0,0,,0,0,,0,,$0.00,,,,,,,,,,,,,,,,PASinFronteraIlimitado,,Entrante Local,,334-20-11613-34689,NOFOUND
136,17/01/2017 15:26,,984XXX4762,984XXX3108,,Local,PLAYA DEL CARMEN  -  QROO,ENTRANTE,NO,NO,,10min. 48seg.,11min. ,$0.00,$0.00,$0.00,$0.00,,0,,,0,,0,0,,0,0,,0,0,,0,,$0.00,,,,,,,,,,,,,,,,PASinFronteraIlimitado,,Entrante Local,,334-20-11613-34689,NOFOUND
137,18/01/2017 15:26,,984XXX4762,984XXX3108,,Local,PLAYA DEL CARMEN  -  QROO,ENTRANTE,NO,NO,,1min. 12seg.,2min. ,$0.00,$0.00,$0.00,$0.00,,0,,,0,,0,0,,0,0,,0,0,,0,,$0.00,,,,,,,,,,,,,,,,PASinFronteraIlimitado,,Entrante Local,,334-20-11613-36298,NOFOUND
138,19/01/2017 15:26,,984XXX3108,001865XXX9616,,Norteamérica; con excepción de las llamadas de frontera,PLAYA DEL CARMEN  -  QROO,SALIENTE,NO,NO,,1hrs. 15min. 17seg.,1hrs. 15min. 17seg.,$0.00,$0.00,$0.00,$0.00,,0,,,0,,0,0,,0,0,,0,0,,0,,$0.00,,,,,,,,,,,,,,,,PASinFronteraIlimitado,,Saliente Internacional,,334-20-11613-54689,NOFOUND
139,20/01/2017 15:26,,984XXX3108,001865XXX9616,,Norteamérica; con excepción de las llamadas de frontera,PLAYA DEL CARMEN  -  QROO,SALIENTE,NO,NO,,31min. 45seg.,31min. 45seg.,$0.00,$0.00,$0.00,$0.00,,0,,,0,,0,0,,0,0,,0,0,,0,,$0.00,,,,,,,,,,,,,,,,PASinFronteraIlimitado,,Saliente Internacional,,334-20-11613-54689,NOFOUND
140,21/01/2017 15:26,18/08/2016 02:26,33402010XXX9754,internet.itelcelXXXm-3G,354623062XXX5778,Local,PLAYA DEL CARMEN  -  QROO,GPRS,NO,NO,4794,0min. ,0min. ,$0.00,$0.00,$0.00,$0.00,,33,0,0,0,,,0,,,0,,,0,,,"$1,022.37",$0.00,MENSAJERO;GPRS-1,,,,,,,,,,,,,,,WHATSAPP_GRATIS,,MENSAJERO,,,
141,22/01/2017 15:26,18/08/2016 02:45,33402010XXX9754,internet.itelcelXXXm-3G,354623062XXX5778,Local,PLAYA DEL CARMEN  -  QROO,GPRS,NO,NO,54543,0min. ,0min. ,$0.00,$0.00,$0.00,$0.00,,33,0,0,0,,,0,,,0,,,0,,,"$1,022.42",$0.05,RS;GPRS-1,,,,,,,,,,,,,,,RS_GRATIS,,RS,,,
142,23/01/2017 15:26,18/08/2016 02:45,33402010XXX9754,internet.itelcel.coXXXGLTE,354623062XXX5778,Local,PLAYA DEL CARMEN  -  QROO,GPRS,NO,NO,232770362,0min. ,0min. ,$0.00,$0.00,$0.00,$0.00,,39,0,0,0,,,0,,,0,,,0,,,$579.21,$221.99,INTERNET;GPRS-1,,,,,,,,,,,,,,,,,INTERNET,,,
143,24/01/2017 15:26,,1865XXX9616,984XXX3108,,Local,PLAYA DEL CARMEN  -  QROO,ENTRANTE,NO,NO,,24min. 23seg.,25min. ,$0.00,$0.00,$0.00,$0.00,,0,,,0,,0,0,,0,0,,0,0,,0,,$0.00,,,,,,,,,,,,,,,,PASinFronteraIlimitado,,Entrante Local,,334-20-11613-34689,NOFOUND
144,25/01/2017 15:26,,984XXX3108,984XXX6275,,Local,PLAYA DEL CARMEN  -  QROO,SALIENTE,NO,NO,,0min. 17seg.,0min. 17seg.,$0.00,$0.00,$0.00,$0.00,,0,,,0,,0,0,,0,0,,0,0,,0,,$0.00,,,,,,,,,,,,,,,,PASinFronteraIlimitado,,Saliente Local,,334-20-11613-34689,NOFOUND
145,26/01/2017 15:26,,984XXX3108,001865XXX9616,,Norteamérica; con excepción de las llamadas de frontera,PLAYA DEL CARMEN  -  QROO,SALIENTE,NO,NO,,0min. 31seg.,0min. 31seg.,$0.00,$0.00,$0.00,$0.00,,0,,,0,,0,0,,0,0,,0,0,,0,,$0.00,,,,,,,,,,,,,,,,PASinFronteraIlimitado,,Saliente Internacional,,334-20-11613-36298,NOFOUND
146,27/01/2017 15:26,18/08/2016 01:36,33402010XXX9754,internet.itelcel.coXXXGLTE,354623062XXX5778,Local,PLAYA DEL CARMEN  -  QROO,GPRS,NO,NO,0,0min. ,0min. ,$0.00,$0.00,$0.00,$0.00,,0,0,0,0,,,0,,,0,,,0,,,,,VIDEO;GPRS-1,,,,,,,,,,,,,,,,,VIDEO,,,
147,28/01/2017 15:26,17/08/2016 23:45,33402010XXX9754,internet.itelcel.coXXXGLTE,354623062XXX5778,Local,PLAYA DEL CARMEN  -  QROO,GPRS,NO,NO,647151,0min. ,0min. ,$0.00,$0.00,$0.00,$0.00,,39,0,0,0,,,0,,,0,,,0,,,$585.21,$0.62,VIDEO;GPRS-1,,,,,,,,,,,,,,,,,VIDEO,,,
148,29/01/2017 15:26,17/08/2016 21:25,33402010XXX9754,internet.itelcel.coXXXGLTE,354623062XXX5778,Local,PLAYA DEL CARMEN  -  QROO,GPRS,NO,NO,12675,0min. ,0min. ,$0.00,$0.00,$0.00,$0.00,,33,0,0,0,,,0,,,0,,,0,,,"$1,022.43",$0.01,MENSAJERO;GPRS-1,,,,,,,,,,,,,,,WHATSAPP_GRATIS,,MENSAJERO,,,
149,30/01/2017 15:26,17/08/2016 22:52,33402010XXX9754,internet.itelcel.coXXXGLTE,354623062XXX5778,Local,PLAYA DEL CARMEN  -  QROO,GPRS,NO,NO,17168993,0min. ,0min. ,$0.00,$0.00,$0.00,$0.00,,39,0,0,0,,,0,,,0,,,0,,,$596.20,$16.37,INTERNET;GPRS-1,,,,,,,,,,,,,,,,,INTERNET,,,
150,31/01/2017 15:26,17/08/2016 23:28,33402010XXX9754,internet.itelcel.coXXXGLTE,354623062XXX5778,Local,PLAYA DEL CARMEN  -  QROO,GPRS,NO,NO,900904,0min. ,0min. ,$0.00,$0.00,$0.00,$0.00,,33,0,0,0,,,0,,,0,,,0,,,"$1,023.29",$0.86,RS;GPRS-1,,,,,,,,,,,,,,,RS_GRATIS,,RS,,,
151,01/02/2017 15:26,,984XXX3108,984XXX6275,,Local,PLAYA DEL CARMEN  -  QROO,SALIENTE,NO,NO,,4min. 38seg.,4min. 38seg.,$0.00,$0.00,$0.00,$0.00,,0,,,0,,0,0,,0,0,,0,0,,0,,$0.00,,,,,,,,,,,,,,,,PASinFronteraIlimitado,,Saliente Local,,334-20-11613-52486,NOFOUND
152,02/02/2017 15:26,,984XXX6667,984XXX3108,,Local,PLAYA DEL CARMEN  -  QROO,ENTRANTE,NO,NO,,0min. 9seg.,1min. ,$0.00,$0.00,$0.00,$0.00,,0,,,0,,0,0,,0,0,,0,0,,0,,$0.00,,,,,,,,,,,,,,,,PASinFronteraIlimitado,,Entrante Local,,334-20-11613-51253,NOFOUND
153,03/02/2017 15:26,,984XXX3108,984XXX6667,,Local,PLAYA DEL CARMEN  -  QROO,SALIENTE,NO,NO,,1min. 5seg.,1min. 5seg.,$0.00,$0.00,$0.00,$0.00,,0,,,0,,0,0,,0,0,,0,0,,0,,$0.00,,,,,,,,,,,,,,,,PASinFronteraIlimitado,,Saliente Local,,334-20-11613-54689,NOFOUND
154,04/02/2017 15:26,,984XXX3108,001646XXX4392,,Norteamérica; con excepción de las llamadas de frontera,PLAYA DEL CARMEN  -  QROO,SALIENTE,NO,NO,,28min. 36seg.,28min. 36seg.,$0.00,$0.00,$0.00,$0.00,,0,,,0,,0,0,,0,0,,0,0,,0,,$0.00,,,,,,,,,,,,,,,,PASinFronteraIlimitado,,Saliente Internacional,,334-20-11613-31272,NOFOUND
155,05/02/2017 15:26,,984XXX6667,984XXX3108,,Local,PLAYA DEL CARMEN  -  QROO,ENTRANTE,NO,NO,,0min. 25seg.,1min. ,$0.00,$0.00,$0.00,$0.00,,0,,,0,,0,0,,0,0,,0,0,,0,,$0.00,,,,,,,,,,,,,,,,PASinFronteraIlimitado,,Entrante Local,,334-20-11613-54689,NOFOUND
156,06/02/2017 15:26,,984XXX0774,984XXX3108,,Local,PLAYA DEL CARMEN  -  QROO,ENTRANTE,NO,NO,,0min. 22seg.,1min. ,$0.00,$0.00,$0.00,$0.00,,0,,,0,,0,0,,0,0,,0,0,,0,,$0.00,,,,,,,,,,,,,,,,PASinFronteraIlimitado,,Entrante Local,,334-20-11613-54689,NOFOUND
157,07/02/2017 15:26,,984XXX0774,984XXX3108,,Local,PLAYA DEL CARMEN  -  QROO,ENTRANTE,NO,NO,,0min. 18seg.,1min. ,$0.00,$0.00,$0.00,$0.00,,0,,,0,,0,0,,0,0,,0,0,,0,,$0.00,,,,,,,,,,,,,,,,PASinFronteraIlimitado,,Entrante Local,,334-20-11613-34689,NOFOUND
158,08/02/2017 15:26,,984XXX3108,984XXX0774,,Local,PLAYA DEL CARMEN  -  QROO,SALIENTE,NO,NO,,3min. 26seg.,3min. 26seg.,$0.00,$0.00,$0.00,$0.00,,0,,,0,,0,0,,0,0,,0,0,,0,,$0.00,,,,,,,,,,,,,,,,PASinFronteraIlimitado,,Saliente Local,,334-20-11613-36298,NOFOUND
159,09/02/2017 15:26,,984XXX3108,442XXX7414,,Nacional dentro de México,PLAYA DEL CARMEN  -  QROO,SALIENTE,NO,NO,,0min. 29seg.,0min. 29seg.,$0.00,$0.00,$0.00,$0.00,,0,,,0,,0,0,,0,0,,0,0,,0,,$0.00,,,,,,,,,,,,,,,,PASinFronteraIlimitado,,Saliente Nacional,,334-20-11613-36064,NOFOUND
160,10/02/2017 15:26,16/08/2016 01:43,33402010XXX9754,internet.itelcel.coXXXGLTE,354623062XXX5778,Local,PLAYA DEL CARMEN  -  QROO,GPRS,NO,NO,5887,0min. ,0min. ,$0.00,$0.00,$0.00,$0.00,,33,0,0,0,,,0,,,0,,,0,,,"$1,023.30",$0.01,MENSAJERO;GPRS-1,,,,,,,,,,,,,,,WHATSAPP_GRATIS,,MENSAJERO,,,
161,11/02/2017 15:26,,984XXX3108,442XXX7414,,Nacional dentro de México,PLAYA DEL CARMEN  -  QROO,SALIENTE,NO,NO,,1min. 14seg.,1min. 14seg.,$0.00,$0.00,$0.00,$0.00,,0,,,0,,0,0,,0,0,,0,0,,0,,$0.00,,,,,,,,,,,,,,,,PASinFronteraIlimitado,,Saliente Nacional,,334-20-11613-36064,NOFOUND
162,12/02/2017 15:26,,984XXX3108,331XXX5311,,Nacional dentro de México,PLAYA DEL CARMEN  -  QROO,SALIENTE,NO,NO,,0min. 17seg.,0min. 17seg.,$0.00,$0.00,$0.00,$0.00,,0,,,0,,0,0,,0,0,,0,0,,0,,$0.00,,,,,,,,,,,,,,,,PASinFronteraIlimitado,,Saliente Nacional,,334-20-11613-36064,NOFOUND
163,13/02/2017 15:26,,984XXX3108,331XXX5311,,Nacional dentro de México,PLAYA DEL CARMEN  -  QROO,SALIENTE,NO,NO,,0min. 30seg.,0min. 30seg.,$0.00,$0.00,$0.00,$0.00,,0,,,0,,0,0,,0,0,,0,0,,0,,$0.00,,,,,,,,,,,,,,,,PASinFronteraIlimitado,,Saliente Nacional,,334-20-11613-46064,NOFOUND
164,14/02/2017 15:26,16/08/2016 03:18,33402010XXX9754,internet.itelcel.coXXXGLTE,354623062XXX5778,Local,PLAYA DEL CARMEN  -  QROO,GPRS,NO,NO,113799,0min. ,0min. ,$0.00,$0.00,$0.00,$0.00,,33,0,0,0,,,0,,,0,,,0,,,"$1,023.41",$0.11,RS;GPRS-1,,,,,,,,,,,,,,,RS_GRATIS,,RS,,,
165,15/02/2017 15:26,16/08/2016 02:51,33402010XXX9754,internet.itelcel.coXXXGLTE,354623062XXX5778,Local,PLAYA DEL CARMEN  -  QROO,GPRS,NO,NO,810766,0min. ,0min. ,$0.00,$0.00,$0.00,$0.00,,39,0,0,0,,,0,,,0,,,0,,,$596.98,$0.77,INTERNET;GPRS-1,,,,,,,,,,,,,,,,,INTERNET,,,
166,16/02/2017 15:26,,984XXX3108,984XXX6275,,Local,PLAYA DEL CARMEN  -  QROO,SALIENTE,NO,NO,,0min. 40seg.,0min. 40seg.,$0.00,$0.00,$0.00,$0.00,,0,,,0,,0,0,,0,0,,0,0,,0,,$0.00,,,,,,,,,,,,,,,,PASinFronteraIlimitado,,Saliente Local,,334-20-11613-36298,NOFOUND
167,17/02/2017 15:26,,984XXX3108,984XXX6275,,Local,PLAYA DEL CARMEN  -  QROO,SALIENTE,NO,NO,,2min. 51seg.,2min. 51seg.,$0.00,$0.00,$0.00,$0.00,,0,,,0,,0,0,,0,0,,0,0,,0,,$0.00,,,,,,,,,,,,,,,,PASinFronteraIlimitado,,Saliente Local,,334-20-11613-34689,NOFOUND
168,18/02/2017 15:26,,984XXX3108,984XXX6667,,Local,PLAYA DEL CARMEN  -  QROO,SALIENTE,NO,NO,,0min. 11seg.,0min. 11seg.,$0.00,$0.00,$0.00,$0.00,,0,,,0,,0,0,,0,0,,0,0,,0,,$0.00,,,,,,,,,,,,,,,,PASinFronteraIlimitado,,Saliente Local,,334-20-11613-54689,NOFOUND
169,19/02/2017 15:26,,984XXX6667,984XXX3108,,Local,PLAYA DEL CARMEN  -  QROO,ENTRANTE,NO,NO,,0min. 53seg.,1min. ,$0.00,$0.00,$0.00,$0.00,,0,,,0,,0,0,,0,0,,0,0,,0,,$0.00,,,,,,,,,,,,,,,,PASinFronteraIlimitado,,Entrante Local,,334-20-11613-56298,NOFOUND
170,20/02/2017 15:26,16/08/2016 00:38,33402010XXX9754,internet.itelcel.coXXXGLTE,354623062XXX5778,Local,PLAYA DEL CARMEN  -  QROO,GPRS,NO,NO,54489,0min. ,0min. ,$0.00,$0.00,$0.00,$0.00,,39,0,0,0,,,0,,,0,,,0,,,$597.03,$0.05,INTERNET;GPRS-1,,,,,,,,,,,,,,,,,INTERNET,,,
171,21/02/2017 15:26,16/08/2016 00:38,33402010XXX9754,internet.itelcel.coXXXGLTE,354623062XXX5778,Local,PLAYA DEL CARMEN  -  QROO,GPRS,NO,NO,6756,0min. ,0min. ,$0.00,$0.00,$0.00,$0.00,,39,0,0,0,,,0,,,0,,,0,,,$597.04,$0.01,VIDEO;GPRS-1,,,,,,,,,,,,,,,,,VIDEO,,,
172,22/02/2017 15:26,16/08/2016 00:46,33402010XXX9754,internet.itelcel.coXXXGLTE,354623062XXX5778,Local,PLAYA DEL CARMEN  -  QROO,GPRS,NO,NO,0,0min. ,0min. ,$0.00,$0.00,$0.00,$0.00,,0,0,0,0,,,0,,,0,,,0,,,,,MENSAJERO;GPRS-1,,,,,,,,,,,,,,,WHATSAPP_GRATIS,,MENSAJERO,,,
173,23/02/2017 15:26,15/08/2016 23:01,33402010XXX9754,internet.itelcel.coXXXGLTE,354623062XXX5778,Local,PLAYA DEL CARMEN  -  QROO,GPRS,NO,NO,64918,0min. ,0min. ,$0.00,$0.00,$0.00,$0.00,,33,0,0,0,,,0,,,0,,,0,,,"$1,023.47",$0.06,RS;GPRS-1,,,,,,,,,,,,,,,RS_GRATIS,,RS,,,
174,24/02/2017 15:26,15/08/2016 20:13,33402010XXX9754,internet.itelcel.coXXXGLTE,354623062XXX5778,Local,PLAYA DEL CARMEN  -  QROO,GPRS,NO,NO,43177,0min. ,0min. ,$0.00,$0.00,$0.00,$0.00,,33,0,0,0,,,0,,,0,,,0,,,"$1,023.51",$0.04,RS;GPRS-0,,,,,,,,,,,,,,,RS_GRATIS,,RS,,,
175,25/02/2017 15:26,15/08/2016 20:33,33402010XXX9754,internet.itelcel.coXXXGLTE,354623062XXX5778,Local,PLAYA DEL CARMEN  -  QROO,GPRS,NO,NO,2968,0min. ,0min. ,$0.00,$0.00,$0.00,$0.00,,33,0,0,0,,,0,,,0,,,0,,,"$1,023.51",$0.00,MENSAJERO;GPRS-0,,,,,,,,,,,,,,,WHATSAPP_GRATIS,,MENSAJERO,,,
176,26/02/2017 15:26,15/08/2016 20:20,33402010XXX9754,internet.itelcel.coXXXGLTE,354623062XXX5778,Local,PLAYA DEL CARMEN  -  QROO,GPRS,NO,NO,451425,0min. ,0min. ,$0.00,$0.00,$0.00,$0.00,,39,0,0,0,,,0,,,0,,,0,,,$597.47,$0.43,INTERNET;GPRS-1,,,,,,,,,,,,,,,,,INTERNET,,,
177,27/02/2017 15:26,15/08/2016 17:39,33402010XXX9754,internet.itelcel.coXXXGLTE,354623062XXX5778,Local,PLAYA DEL CARMEN  -  QROO,GPRS,NO,NO,78295,0min. ,0min. ,$0.00,$0.00,$0.00,$0.00,,39,0,0,0,,,0,,,0,,,0,,,$597.54,$0.08,INTERNET;GPRS-1,,,,,,,,,,,,,,,,,INTERNET,,,
178,28/02/2017 15:26,15/08/2016 17:39,33402010XXX9754,internet.itelcel.coXXXGLTE,354623062XXX5778,Local,PLAYA DEL CARMEN  -  QROO,GPRS,NO,NO,22091,0min. ,0min. ,$0.00,$0.00,$0.00,$0.00,,33,0,0,0,,,0,,,0,,,0,,,"$1,023.54",$0.02,RS;GPRS-1,,,,,,,,,,,,,,,RS_GRATIS,,RS,,,
179,01/03/2017 15:26,15/08/2016 17:39,33402010XXX9754,internet.itelcel.coXXXGLTE,354623062XXX5778,Local,PLAYA DEL CARMEN  -  QROO,GPRS,NO,NO,3360,0min. ,0min. ,$0.00,$0.00,$0.00,$0.00,,33,0,0,0,,,0,,,0,,,0,,,"$1,023.54",$0.00,MENSAJERO;GPRS-1,,,,,,,,,,,,,,,WHATSAPP_GRATIS,,MENSAJERO,,,
180,02/03/2017 15:26,,984XXX3108,984XXX6667,,Local,PLAYA DEL CARMEN  -  QROO,SALIENTE,NO,NO,,1min. 32seg.,1min. 32seg.,$0.00,$0.00,$0.00,$0.00,,0,,,0,,0,0,,0,0,,0,0,,0,,$0.00,,,,,,,,,,,,,,,,PASinFronteraIlimitado,,Saliente Local,,334-20-11613-54689,NOFOUND
181,03/03/2017 15:26,,984XXX6667,984XXX3108,,Local,PLAYA DEL CARMEN  -  QROO,ENTRANTE,NO,NO,,1min. 8seg.,2min. ,$0.00,$0.00,$0.00,$0.00,,0,,,0,,0,0,,0,0,,0,0,,0,,$0.00,,,,,,,,,,,,,,,,PASinFronteraIlimitado,,Entrante Local,,334-20-11613-34689,NOFOUND
182,04/03/2017 15:26,,984XXX3108,984XXX0774,,Local,PLAYA DEL CARMEN  -  QROO,SALIENTE,NO,NO,,1min. 58seg.,1min. 58seg.,$0.00,$0.00,$0.00,$0.00,,0,,,0,,0,0,,0,0,,0,0,,0,,$0.00,,,,,,,,,,,,,,,,PASinFronteraIlimitado,,Saliente Local,,334-20-11613-36298,NOFOUND
183,05/03/2017 15:26,,984XXX3108,984XXX6275,,Local,PLAYA DEL CARMEN  -  QROO,SALIENTE,NO,NO,,0min. 13seg.,0min. 13seg.,$0.00,$0.00,$0.00,$0.00,,0,,,0,,0,0,,0,0,,0,0,,0,,$0.00,,,,,,,,,,,,,,,,PASinFronteraIlimitado,,Saliente Local,,334-20-11613-36298,NOFOUND
184,06/03/2017 15:26,,984XXX3108,984XXX6275,,Local,PLAYA DEL CARMEN  -  QROO,SALIENTE,NO,NO,,0min. 20seg.,0min. 20seg.,$0.00,$0.00,$0.00,$0.00,,0,,,0,,0,0,,0,0,,0,0,,0,,$0.00,,,,,,,,,,,,,,,,PASinFronteraIlimitado,,Saliente Local,,334-20-11613-56298,NOFOUND
185,07/03/2017 15:26,,984XXX3108,984XXX6275,,Local,PLAYA DEL CARMEN  -  QROO,SALIENTE,NO,NO,,1min. 36seg.,1min. 36seg.,$0.00,$0.00,$0.00,$0.00,,0,,,0,,0,0,,0,0,,0,0,,0,,$0.00,,,,,,,,,,,,,,,,PASinFronteraIlimitado,,Saliente Local,,334-20-11613-54689,NOFOUND
186,08/03/2017 15:26,,984XXX3108,984XXX0774,,Local,PLAYA DEL CARMEN  -  QROO,SALIENTE,NO,NO,,4min. 23seg.,4min. 23seg.,$0.00,$0.00,$0.00,$0.00,,0,,,0,,0,0,,0,0,,0,0,,0,,$0.00,,,,,,,,,,,,,,,,PASinFronteraIlimitado,,Saliente Local,,334-20-11613-54689,NOFOUND
187,09/03/2017 15:26,,984XXX3108,984XXX6275,,Local,PLAYA DEL CARMEN  -  QROO,SALIENTE,NO,NO,,0min. 29seg.,0min. 29seg.,$0.00,$0.00,$0.00,$0.00,,0,,,0,,0,0,,0,0,,0,0,,0,,$0.00,,,,,,,,,,,,,,,,PASinFronteraIlimitado,,Saliente Local,,334-20-11613-44516,NOFOUND
188,10/03/2017 15:26,,331XXX5759,984XXX3108,,Local,PLAYA DEL CARMEN  -  QROO,ENTRANTE,NO,NO,,0min. 44seg.,1min. ,$0.00,$0.00,$0.00,$0.00,,0,,,0,,0,0,,0,0,,0,0,,0,,$0.00,,,,,,,,,,,,,,,,PASinFronteraIlimitado,,Entrante Local,,334-20-11613-36298,NOFOUND
189,11/03/2017 15:26,,331XXX5759,984XXX3108,,Local,PLAYA DEL CARMEN  -  QROO,ENTRANTE,NO,NO,,0min. 21seg.,1min. ,$0.00,$0.00,$0.00,$0.00,,0,,,0,,0,0,,0,0,,0,0,,0,,$0.00,,,,,,,,,,,,,,,,PASinFronteraIlimitado,,Entrante Local,,334-20-11613-34689,NOFOUND
190,12/03/2017 15:26,,984XXX3108,984XXX6275,0,Local,PLAYA DEL CARMEN  -  QROO,MENS.SALIENTE,NO,NO,0,0min. ,0min. ,$0.00,$0.00,$0.00,$0.00,,0,0,0,0,,0,0,,0,0,,0,0,,0,,$0.00,,,,,,,,,,,,,,,,PASinFronteraIlimitado,,SMS Enviado,,0,0
191,13/03/2017 15:26,,984XXX3108,984XXX6275,,Local,PLAYA DEL CARMEN  -  QROO,SALIENTE,NO,NO,,0min. 22seg.,0min. 22seg.,$0.00,$0.00,$0.00,$0.00,,0,,,0,,0,0,,0,0,,0,0,,0,,$0.00,,,,,,,,,,,,,,,,PASinFronteraIlimitado,,Saliente Local,,334-20-11613-44689,NOFOUND
192,14/03/2017 15:26,10/08/2016 00:43,33402010XXX9754,internet.itelcelXXXm-3G,354623062XXX5778,Local,PLAYA DEL CARMEN  -  QROO,GPRS,NO,NO,27733,0min. ,0min. ,$0.00,$0.00,$0.00,$0.00,,33,0,0,0,,,0,,,0,,,0,,,"$1,023.57",$0.03,RS;GPRS-1,,,,,,,,,,,,,,,RS_GRATIS,,RS,,,
193,15/03/2017 15:26,10/08/2016 00:43,33402010XXX9754,internet.itelcelXXXm-3G,354623062XXX5778,Local,PLAYA DEL CARMEN  -  QROO,GPRS,NO,NO,2916,0min. ,0min. ,$0.00,$0.00,$0.00,$0.00,,33,0,0,0,,,0,,,0,,,0,,,"$1,023.57",$0.00,MENSAJERO;GPRS-1,,,,,,,,,,,,,,,WHATSAPP_GRATIS,,MENSAJERO,,,
194,16/03/2017 15:26,10/08/2016 01:15,33402010XXX9754,internet.itelcel.coXXXGLTE,354623062XXX5778,Local,PLAYA DEL CARMEN  -  QROO,GPRS,NO,NO,122060,0min. ,0min. ,$0.00,$0.00,$0.00,$0.00,,39,0,0,0,,,0,,,0,,,0,,,$597.66,$0.12,INTERNET;GPRS-1,,,,,,,,,,,,,,,,,INTERNET,,,
195,17/03/2017 15:26,09/08/2016 18:53,33402010XXX9754,internet.itelcel.coXXXGLTE,354623062XXX5778,Local,PLAYA DEL CARMEN  -  QROO,GPRS,NO,NO,6642,0min. ,0min. ,$0.00,$0.00,$0.00,$0.00,,39,0,0,0,,,0,,,0,,,0,,,$598.08,$0.01,VIDEO;GPRS-1,,,,,,,,,,,,,,,,,VIDEO,,,
196,18/03/2017 15:26,09/08/2016 18:53,33402010XXX9754,internet.itelcel.coXXXGLTE,354623062XXX5778,Local,PLAYA DEL CARMEN  -  QROO,GPRS,NO,NO,23525,0min. ,0min. ,$0.00,$0.00,$0.00,$0.00,,33,0,0,0,,,0,,,0,,,0,,,"$1,023.59",$0.02,MENSAJERO;GPRS-1,,,,,,,,,,,,,,,WHATSAPP_GRATIS,,MENSAJERO,,,
197,19/03/2017 15:26,09/08/2016 18:53,33402010XXX9754,internet.itelcel.coXXXGLTE,354623062XXX5778,Local,PLAYA DEL CARMEN  -  QROO,GPRS,NO,NO,1477221,0min. ,0min. ,$0.00,$0.00,$0.00,$0.00,,39,0,0,0,,,0,,,0,,,0,,,$599.08,$1.41,INTERNET;GPRS-1,,,,,,,,,,,,,,,,,INTERNET,,,
198,20/03/2017 15:26,09/08/2016 18:53,33402010XXX9754,internet.itelcel.coXXXGLTE,354623062XXX5778,Local,PLAYA DEL CARMEN  -  QROO,GPRS,NO,NO,209503,0min. ,0min. ,$0.00,$0.00,$0.00,$0.00,,33,0,0,0,,,0,,,0,,,0,,,"$1,023.79",$0.20,RS;GPRS-1,,,,,,,,,,,,,,,RS_GRATIS,,RS,,,
199,21/03/2017 15:26,,984XXX3108,984XXX6275,,Local,PLAYA DEL CARMEN  -  QROO,SALIENTE,NO,NO,,1min. 10seg.,1min. 10seg.,$0.00,$0.00,$0.00,$0.00,,0,,,0,,0,0,,0,0,,0,0,,0,,$0.00,,,,,,,,,,,,,,,,PASinFronteraIlimitado,,Saliente Local,,334-20-11613-54689,NOFOUND
200,22/03/2017 15:26,,984XXX3108,984XXX6275,,Local,PLAYA DEL CARMEN  -  QROO,SALIENTE,NO,NO,,0min. 58seg.,0min. 58seg.,$0.00,$0.00,$0.00,$0.00,,0,,,0,,0,0,,0,0,,0,0,,0,,$0.00,,,,,,,,,,,,,,,,PASinFronteraIlimitado,,Saliente Local,,334-20-11613-34689,NOFOUND
201,23/03/2017 15:26,,984XXX3108,984XXX6275,,Local,PLAYA DEL CARMEN  -  QROO,SALIENTE,NO,NO,,1min. 59seg.,1min. 59seg.,$0.00,$0.00,$0.00,$0.00,,0,,,0,,0,0,,0,0,,0,0,,0,,$0.00,,,,,,,,,,,,,,,,PASinFronteraIlimitado,,Saliente Local,,334-20-11613-54689,NOFOUND
202,24/03/2017 15:26,,984XXX3108,984XXX6275,,Local,PLAYA DEL CARMEN  -  QROO,SALIENTE,NO,NO,,2min. 18seg.,2min. 18seg.,$0.00,$0.00,$0.00,$0.00,,0,,,0,,0,0,,0,0,,0,0,,0,,$0.00,,,,,,,,,,,,,,,,PASinFronteraIlimitado,,Saliente Local,,334-20-11613-34689,NOFOUND
203,25/03/2017 15:26,,984XXX3108,984XXX6275,0,Local,PLAYA DEL CARMEN  -  QROO,MENS.SALIENTE,NO,NO,0,0min. ,0min. ,$0.00,$0.00,$0.00,$0.00,,0,0,0,0,,0,0,,0,0,,0,0,,0,,$0.00,,,,,,,,,,,,,,,,PASinFronteraIlimitado,,SMS Enviado,,0,0
204,26/03/2017 15:26,,984XXX3108,660910,0,Local,PLAYA DEL CARMEN  -  QROO,MENS.SALIENTE,NO,NO,0,0min. ,0min. ,$0.00,$0.00,$0.00,$0.00,,0,0,0,0,,0,0,,0,0,,0,0,,0,,$0.00,,,,,,,,,,,,,,,,,,SMS Enviado,,0,0
205,27/03/2017 15:26,07/08/2016 22:14,33402010XXX9754,internet.itelcel.coXXXGLTE,354623062XXX5778,Local,PLAYA DEL CARMEN  -  QROO,GPRS,NO,NO,0,0min. ,0min. ,$0.00,$0.00,$0.00,$0.00,,0,0,0,0,,,0,,,0,,,0,,,,,RS;GPRS-1,,,,,,,,,,,,,,,RS_GRATIS,,RS,,,
206,28/03/2017 15:26,07/08/2016 22:20,33402010XXX9754,internet.itelcel.coXXXGLTE,354623062XXX5778,Local,PLAYA DEL CARMEN  -  QROO,GPRS,NO,NO,0,0min. ,0min. ,$0.00,$0.00,$0.00,$0.00,,0,0,0,0,,,0,,,0,,,0,,,,,INTERNET;GPRS-1,,,,,,,,,,,,,,,,,INTERNET,,,
207,29/03/2017 15:26,,984XXX3108,984XXX6275,,Local,PLAYA DEL CARMEN  -  QROO,SALIENTE,NO,NO,,0min. 45seg.,0min. 45seg.,$0.00,$0.00,$0.00,$0.00,,0,,,0,,0,0,,0,0,,0,0,,0,,$0.00,,,,,,,,,,,,,,,,PASinFronteraIlimitado,,Saliente Local,,334-20-11613-31272,NOFOUND
208,30/03/2017 15:26,,984XXX3108,984XXX6275,0,Local,PLAYA DEL CARMEN  -  QROO,MENS.SALIENTE,NO,NO,0,0min. ,0min. ,$0.00,$0.00,$0.00,$0.00,,0,0,0,0,,0,0,,0,0,,0,0,,0,,$0.00,,,,,,,,,,,,,,,,PASinFronteraIlimitado,,SMS Enviado,,0,0
209,31/03/2017 15:26,07/08/2016 21:40,33402010XXX9754,internet.itelcel.coXXXGLTE,354623062XXX5778,Local,PLAYA DEL CARMEN  -  QROO,GPRS,NO,NO,3396,0min. ,0min. ,$0.00,$0.00,$0.00,$0.00,,33,0,0,0,,,0,,,0,,,0,,,"$1,023.86",$0.00,MENSAJERO;GPRS-1,,,,,,,,,,,,,,,WHATSAPP_GRATIS,,MENSAJERO,,,
210,01/04/2017 15:26,07/08/2016 19:17,33402010XXX9754,internet.itelcelXXXm-3G,354623062XXX5778,Local,PLAYA DEL CARMEN  -  QROO,GPRS,NO,NO,8961,0min. ,0min. ,$0.00,$0.00,$0.00,$0.00,,33,0,0,0,,,0,,,0,,,0,,,"$1,023.98",$0.01,MENSAJERO;GPRS-0,,,,,,,,,,,,,,,WHATSAPP_GRATIS,,MENSAJERO,,,
211,02/04/2017 15:26,07/08/2016 19:49,33402010XXX9754,internet.itelcelXXXm-3G,354623062XXX5778,Local,PLAYA DEL CARMEN  -  QROO,GPRS,NO,NO,178323,0min. ,0min. ,$0.00,$0.00,$0.00,$0.00,,33,0,0,0,,,0,,,0,,,0,,,"$1,023.97",$0.17,RS;GPRS-1,,,,,,,,,,,,,,,RS_GRATIS,,RS,,,
212,03/04/2017 15:26,07/08/2016 19:10,33402010XXX9754,internet.itelcel.coXXXGLTE,354623062XXX5778,Local,PLAYA DEL CARMEN  -  QROO,GPRS,NO,NO,470337,0min. ,0min. ,$0.00,$0.00,$0.00,$0.00,,39,0,0,0,,,0,,,0,,,0,,,$599.53,$0.45,INTERNET;GPRS-1,,,,,,,,,,,,,,,,,INTERNET,,,
213,04/04/2017 15:26,,984XXX3108,984XXX6275,0,Local,PLAYA DEL CARMEN  -  QROO,MENS.SALIENTE,NO,NO,0,0min. ,0min. ,$0.00,$0.00,$0.00,$0.00,,0,0,0,0,,0,0,,0,0,,0,0,,0,,$0.00,,,,,,,,,,,,,,,,PASinFronteraIlimitado,,SMS Enviado,,0,0
214,05/04/2017 15:26,,984XXX3108,984XXX6275,0,Local,PLAYA DEL CARMEN  -  QROO,MENS.SALIENTE,NO,NO,0,0min. ,0min. ,$0.00,$0.00,$0.00,$0.00,,0,0,0,0,,0,0,,0,0,,0,0,,0,,$0.00,,,,,,,,,,,,,,,,PASinFronteraIlimitado,,SMS Enviado,,0,0
215,06/04/2017 15:26,06/08/2016 02:21,33402010XXX9754,internet.itelcel.coXXXGLTE,354623062XXX5778,Local,PLAYA DEL CARMEN  -  QROO,GPRS,NO,NO,1564,0min. ,0min. ,$0.00,$0.00,$0.00,$0.00,,33,0,0,0,,,0,,,0,,,0,,,"$1,023.98",$0.00,MENSAJERO;GPRS-1,,,,,,,,,,,,,,,WHATSAPP_GRATIS,,MENSAJERO,,,
216,07/04/2017 15:26,06/08/2016 02:21,33402010XXX9754,internet.itelcel.coXXXGLTE,354623062XXX5778,Local,PLAYA DEL CARMEN  -  QROO,GPRS,NO,NO,8382,0min. ,0min. ,$0.00,$0.00,$0.00,$0.00,,39,0,0,0,,,0,,,0,,,0,,,$599.53,$0.01,VIDEO;GPRS-1,,,,,,,,,,,,,,,,,VIDEO,,,
217,08/04/2017 15:26,06/08/2016 02:21,33402010XXX9754,internet.itelcel.coXXXGLTE,354623062XXX5778,Local,PLAYA DEL CARMEN  -  QROO,GPRS,NO,NO,22808,0min. ,0min. ,$0.00,$0.00,$0.00,$0.00,,33,0,0,0,,,0,,,0,,,0,,,"$1,024.00",$0.02,RS;GPRS-1,,,,,,,,,,,,,,,RS_GRATIS,,RS,,,
218,09/04/2017 15:26,06/08/2016 02:21,33402010XXX9754,internet.itelcel.coXXXGLTE,354623062XXX5778,Local,PLAYA DEL CARMEN  -  QROO,GPRS,NO,NO,483988,0min. ,0min. ,$0.00,$0.00,$0.00,$0.00,,39,0,0,0,,,0,,,0,,,0,,,$600.00,$0.46,INTERNET;GPRS-1,,,,,,,,,,,,,,,,,INTERNET,,,
219,10/04/2017 15:26,,984XXX6667,984XXX3108,,Local,PLAYA DEL CARMEN  -  QROO,ENTRANTE,NO,NO,,1min. 30seg.,2min. ,$0.00,$0.00,$0.00,$0.00,,0,,,0,,0,0,,0,0,,0,0,,0,,$0.00,,,,,,,,,,,,,,,,PASinFronteraIlimitado,,Entrante Local,,,
220,11/04/2017 15:26,,984XXX6667,984XXX3108,,Nacional dentro de México,PLAYA DEL CARMEN  -  QROO,ENTRANTE,NO,NO,,1min. 30seg.,2min. ,$0.00,$0.00,$0,$0,,0,,,0,,,0,,,0,,,0,,,,,,,,,,,,,,,,,,,,,,Entrante Nacional,,334-20-11613-58965,NOFOUND
